rgb_weight,hsv_weight,ycbcr_weight,rgb_fusion_weight,hsv_fusion_weight,ycbcr_fusion_weight
0.05795453488826752,0.10851150006055832,0.8335339426994324,0.29138389229774475,0.2814961373806,0.42712000012397766
0.009042340330779552,0.0864536389708519,0.9045040011405945,0.2833283543586731,0.29038384556770325,0.42628782987594604
0.008877662010490894,0.05317441001534462,0.9379479885101318,0.28014951944351196,0.2668541669845581,0.45299625396728516
0.006430092267692089,0.02423139475286007,0.9693385362625122,0.24529115855693817,0.24397720396518707,0.5107316374778748
0.015792204067111015,0.04185142368078232,0.9423564076423645,0.2821998596191406,0.29245802760124207,0.4253421425819397
0.006149829365313053,0.06494897603988647,0.9289012551307678,0.22299520671367645,0.21980614960193634,0.5571986436843872
0.030419785529375076,0.032444994896650314,0.9371351599693298,0.3186827301979065,0.24423816800117493,0.4370790421962738
0.0014686905778944492,0.013982257805764675,0.9845490455627441,0.2553735077381134,0.23817959427833557,0.506446897983551
0.015468479134142399,0.03033020906150341,0.954201340675354,0.22938236594200134,0.2585950195789337,0.5120226144790649
0.03903501480817795,0.18378661572933197,0.7771784067153931,0.267099529504776,0.3102761209011078,0.42262428998947144
0.022198880091309547,0.10652078688144684,0.8712802529335022,0.28182709217071533,0.28535810112953186,0.4328147768974304
0.0417378693819046,0.006339279934763908,0.9519228935241699,0.2527350187301636,0.24666202068328857,0.5006029605865479
0.01859430782496929,0.03881067410111427,0.9425950050354004,0.2551276683807373,0.25668957829475403,0.4881827235221863
0.03466470167040825,0.04158962890505791,0.9237456321716309,0.28842833638191223,0.29426074028015137,0.4173108637332916
0.03442986309528351,0.040886472910642624,0.9246836304664612,0.28617656230926514,0.28311887383461,0.43070462346076965
0.029970481991767883,0.07426825910806656,0.895761251449585,0.22686807811260223,0.2450036108493805,0.5281283259391785
0.2767007052898407,0.20250654220581055,0.5207927823066711,0.3089703917503357,0.3227721154689789,0.3682575523853302
0.010721803642809391,0.1156366840004921,0.8736414313316345,0.24598996341228485,0.26384425163269043,0.4901658296585083
0.009020802564918995,0.10435260832309723,0.886626660823822,0.2752026617527008,0.2597944140434265,0.46500301361083984
0.020020896568894386,0.07199248671531677,0.9079866409301758,0.23326200246810913,0.20723974704742432,0.5594981908798218
0.1300705522298813,0.22120344638824463,0.6487260460853577,0.2931905686855316,0.28852176666259766,0.4182876944541931
0.05104706808924675,0.11944377422332764,0.8295090794563293,0.2873924970626831,0.2999556064605713,0.41265183687210083
0.010574344545602798,0.04033815860748291,0.9490875601768494,0.24320365488529205,0.23497413098812103,0.5218222141265869
0.011214143596589565,0.05609457194805145,0.932691216468811,0.29049327969551086,0.28147411346435547,0.42803260684013367
0.04658189043402672,0.05583294853568077,0.8975851535797119,0.23924729228019714,0.23054222762584686,0.5302104949951172
0.004736014176160097,0.07673455029726028,0.9185294508934021,0.2591421902179718,0.2863544523715973,0.4545034170150757
0.038365960121154785,0.11198195070028305,0.8496520519256592,0.29072117805480957,0.30009615421295166,0.4091825783252716
0.012893745675683022,0.08141765743494034,0.9056885838508606,0.31768181920051575,0.33260273933410645,0.3497154116630554
0.029948998242616653,0.008320598863065243,0.961730420589447,0.277047723531723,0.24690814316272736,0.4760441482067108
0.020940616726875305,0.03859098628163338,0.940468430519104,0.27883175015449524,0.3114392161369324,0.40972909331321716
0.009643780067563057,0.07524323463439941,0.9151129722595215,0.2515827417373657,0.2730904817581177,0.4753267467021942
0.005331734661012888,0.02420046739280224,0.9704678058624268,0.2712017297744751,0.26498404145240784,0.46381422877311707
0.008912931196391582,0.013811360113322735,0.9772756695747375,0.2842826843261719,0.24545994400978088,0.470257431268692
0.006656168960034847,0.09563923627138138,0.897704541683197,0.22736820578575134,0.2908083498477936,0.4818234443664551
0.12183719873428345,0.07018762081861496,0.8079752326011658,0.28897878527641296,0.2902514934539795,0.42076972126960754
0.1833352893590927,0.11085962504148483,0.7058050632476807,0.30328530073165894,0.29615122079849243,0.40056344866752625
0.0730181485414505,0.1620176136493683,0.7649642825126648,0.27277636528015137,0.30090567469596863,0.4263179898262024
0.0031823308672755957,0.014381096698343754,0.9824365377426147,0.23229457437992096,0.23733925819396973,0.5303661823272705
0.004391067661345005,0.0747787207365036,0.9208301305770874,0.25597724318504333,0.2646838128566742,0.47933894395828247
0.009715670719742775,0.07284008711576462,0.9174442291259766,0.2830202281475067,0.27798691391944885,0.4389928877353668
0.004893960896879435,0.057001642882823944,0.9381044507026672,0.2636965811252594,0.2844981849193573,0.4518052637577057
0.021102698519825935,0.10151760280132294,0.8773797750473022,0.2977662682533264,0.30061498284339905,0.40161871910095215
0.0017815674655139446,0.029163088649511337,0.9690552949905396,0.24477002024650574,0.211520716547966,0.5437092781066895
0.11691427230834961,0.18314778804779053,0.6999379396438599,0.3212094008922577,0.2863878905773163,0.39240267872810364
0.03593927249312401,0.167372465133667,0.7966882586479187,0.28922826051712036,0.30211585760116577,0.40865594148635864
0.017458079382777214,0.1239357739686966,0.8586061596870422,0.327389657497406,0.3004995584487915,0.3721107244491577
0.03856734558939934,0.08535675704479218,0.8760759830474854,0.3113081157207489,0.3108144998550415,0.3778773844242096
0.039121113717556,0.12361537665128708,0.8372635245323181,0.27333277463912964,0.2738671600818634,0.45280009508132935
0.020003799349069595,0.08422943204641342,0.8957667946815491,0.2957458794116974,0.28931838274002075,0.4149356782436371
0.012463836930692196,0.1488674134016037,0.8386687636375427,0.28865018486976624,0.27755826711654663,0.43379154801368713
0.0027443915605545044,0.02018461376428604,0.9770709872245789,0.2542009949684143,0.2455393671989441,0.5002596378326416
0.0648164376616478,0.14324092864990234,0.7919426560401917,0.3084304928779602,0.2973215878009796,0.3942478895187378
0.062144529074430466,0.12125792354345322,0.816597580909729,0.26599642634391785,0.2904154360294342,0.44358810782432556
0.19767025113105774,0.13394643366336823,0.6683833599090576,0.30566900968551636,0.2830083668231964,0.41132262349128723
0.030341101810336113,0.0924360454082489,0.8772228956222534,0.2927957773208618,0.28653737902641296,0.42066681385040283
0.026947112753987312,0.08416609466075897,0.8888868093490601,0.2774742543697357,0.27214062213897705,0.4503851532936096
0.0055467900820076466,0.057975538074970245,0.9364776611328125,0.2671548128128052,0.25717127323150635,0.4756738841533661
0.006782966665923595,0.03544488921761513,0.9577721357345581,0.2937787175178528,0.28205040097236633,0.4241708517074585
0.02056954987347126,0.06549768894910812,0.9139328002929688,0.2760471701622009,0.25115981698036194,0.4727930426597595
0.02318692021071911,0.15864738821983337,0.8181657195091248,0.2823467552661896,0.32262730598449707,0.39502593874931335
0.02655271627008915,0.06089859455823898,0.9125486612319946,0.26337364315986633,0.2674558758735657,0.469170480966568
0.011240758001804352,0.04560133069753647,0.9431579113006592,0.2910783588886261,0.27533525228500366,0.43358638882637024
0.1454831063747406,0.14104150235652924,0.7134753465652466,0.3230432868003845,0.3312513828277588,0.3457053601741791
0.013655576854944229,0.12484072893857956,0.8615037202835083,0.28093019127845764,0.2961063086986542,0.4229635000228882
0.009253543801605701,0.05511883646249771,0.9356276392936707,0.2962482273578644,0.2875019311904907,0.4162498414516449
0.0055701551027596,0.0540073923766613,0.9404224753379822,0.21098476648330688,0.24522510170936584,0.5437901020050049
0.058253806084394455,0.03272532671689987,0.9090208411216736,0.32250308990478516,0.288851797580719,0.38864511251449585
0.005385166499763727,0.05289216339588165,0.9417226314544678,0.2243710607290268,0.23064716160297394,0.5449817776679993
0.08288504183292389,0.12494266778230667,0.7921722531318665,0.2894182801246643,0.29519861936569214,0.41538307070732117
0.09618525207042694,0.1353452056646347,0.768469512462616,0.27504608035087585,0.2931426763534546,0.43181124329566956
0.0052697011269629,0.04950182884931564,0.9452285170555115,0.2621099352836609,0.2503514289855957,0.487538605928421
0.04513689875602722,0.01971403881907463,0.935149073600769,0.18866658210754395,0.195131316781044,0.6162021160125732
0.0034285883884876966,0.038462746888399124,0.9581086039543152,0.2964536249637604,0.3061068654060364,0.39743947982788086
0.00549072353169322,0.06568506360054016,0.9288241863250732,0.2926092743873596,0.255424827337265,0.45196592807769775
0.015761427581310272,0.07532218098640442,0.9089164733886719,0.2771793603897095,0.26865145564079285,0.4541691541671753
0.005981354974210262,0.01332866121083498,0.980690062046051,0.2271784543991089,0.2417711764574051,0.5310503840446472
0.015979966148734093,0.06429922580718994,0.9197208285331726,0.31212425231933594,0.32376646995544434,0.3641093075275421
0.04868035018444061,0.12875762581825256,0.822562038898468,0.2776296138763428,0.3001067638397217,0.42226365208625793
0.015116865746676922,0.04780729487538338,0.9370757937431335,0.2835962772369385,0.2645990550518036,0.45180463790893555
0.05564763769507408,0.005095167085528374,0.9392572641372681,0.2994743883609772,0.28576046228408813,0.4147651493549347
0.044155556708574295,0.010603724047541618,0.9452406167984009,0.25502628087997437,0.306112676858902,0.43886101245880127
0.008424203842878342,0.061551764607429504,0.9300240874290466,0.3244219720363617,0.2941661477088928,0.3814118802547455
0.007873689755797386,0.07132390886545181,0.9208024740219116,0.32852938771247864,0.31494244933128357,0.3565281927585602
0.011803806759417057,0.10817540436983109,0.880020797252655,0.3233200013637543,0.30960819125175476,0.36707183718681335
0.015622621402144432,0.02348671294748783,0.9608906507492065,0.26634490489959717,0.25476932525634766,0.4788857400417328
0.008717944845557213,0.033517345786094666,0.9577646851539612,0.3026011288166046,0.27016767859458923,0.42723116278648376
0.021488329395651817,0.051321789622306824,0.9271899461746216,0.2818264663219452,0.29095011949539185,0.42722341418266296
0.1473163515329361,0.10546232014894485,0.7472214102745056,0.2854976952075958,0.2757023572921753,0.4387999176979065
0.005353190004825592,0.05117394030094147,0.9434728622436523,0.2194766402244568,0.253511905670166,0.5270114541053772
0.013463670387864113,0.031534090638160706,0.9550022482872009,0.27490973472595215,0.2796568274497986,0.4454334080219269
0.00400097481906414,0.05633486062288284,0.9396641254425049,0.266373872756958,0.2329886257648468,0.5006374716758728
0.007248571142554283,0.03872888535261154,0.9540224671363831,0.1966526061296463,0.22535325586795807,0.5779941082000732
0.005482566077262163,0.06526004523038864,0.9292573928833008,0.25027865171432495,0.3081299662590027,0.44159141182899475
0.009120533242821693,0.07408810406923294,0.9167913794517517,0.2803627848625183,0.27268391847610474,0.4469532370567322
0.3733508288860321,0.03727486729621887,0.589374303817749,0.34552764892578125,0.3071686327457428,0.34730371832847595
0.37950441241264343,0.07421975582838058,0.5462758541107178,0.3370952308177948,0.3157452642917633,0.3471595346927643
0.10082938522100449,0.05007895082235336,0.849091649055481,0.31684574484825134,0.30080053210258484,0.38235369324684143
0.09624779224395752,0.04496200010180473,0.8587902188301086,0.29398155212402344,0.28808435797691345,0.4179340600967407
0.2275676131248474,0.01636464335024357,0.75606769323349,0.30634167790412903,0.2898969054222107,0.4037613868713379
0.31792187690734863,0.032288022339344025,0.6497901082038879,0.3155093491077423,0.2995215356349945,0.3849690556526184
0.3668103814125061,0.028716782107949257,0.604472815990448,0.32759788632392883,0.310049831867218,0.36235228180885315
0.945384681224823,0.02718767523765564,0.027427682653069496,0.5593081116676331,0.21115227043628693,0.22953958809375763
0.8868913650512695,0.029356658458709717,0.08375193178653717,0.5455036163330078,0.22464072704315186,0.22985565662384033
0.90667724609375,0.029632987454533577,0.06368982791900635,0.5558308959007263,0.2247954159975052,0.2193736881017685
0.9356269836425781,0.024451354518532753,0.03992169722914696,0.5506399273872375,0.220155268907547,0.22920486330986023
0.9399874806404114,0.021176621317863464,0.03883582353591919,0.527235746383667,0.23066990077495575,0.24209433794021606
0.9419502019882202,0.024664729833602905,0.03338506445288658,0.539762556552887,0.23084907233715057,0.22938835620880127
0.9281067252159119,0.02195524424314499,0.04993806034326553,0.5202859044075012,0.22552724182605743,0.2541869282722473
0.9432060718536377,0.025481602177023888,0.03131231293082237,0.5536518692970276,0.21990515291690826,0.22644296288490295
0.4637545347213745,0.15537624061107635,0.38086920976638794,0.36500877141952515,0.305796355009079,0.3291948437690735
0.0198445413261652,0.09411991387605667,0.8860355615615845,0.24812930822372437,0.2524678707122803,0.4994027614593506
0.0020379836205393076,0.02540408819913864,0.9725579619407654,0.2301013469696045,0.2603692412376404,0.5095293521881104
0.03083491511642933,0.022482331842184067,0.9466827511787415,0.2602701187133789,0.25416338443756104,0.48556649684906006
0.040123678743839264,0.010982600972056389,0.948893666267395,0.29577597975730896,0.27208274602890015,0.4321413040161133
0.019768796861171722,0.01460509467869997,0.965626060962677,0.2729574143886566,0.2669386565685272,0.46010395884513855
0.023450244218111038,0.02693839929997921,0.9496113061904907,0.2911118268966675,0.2119947075843811,0.49689340591430664
0.02890421822667122,0.025532804429531097,0.9455629587173462,0.31433406472206116,0.17892731726169586,0.5067386031150818
0.057719048112630844,0.12100376188755035,0.8212772011756897,0.28880998492240906,0.2882464528083801,0.4229435324668884
0.04817960783839226,0.01147303357720375,0.94034743309021,0.20888975262641907,0.20695602893829346,0.5841541886329651
0.022185737267136574,0.03629344329237938,0.9415208697319031,0.3078424334526062,0.24621358513832092,0.44594404101371765
0.002191422041505575,0.04001826047897339,0.9577903151512146,0.24681304395198822,0.25168099999427795,0.501505970954895
0.005916597321629524,0.033438075333833694,0.9606453776359558,0.23136462271213531,0.25105196237564087,0.517583429813385
0.015751222148537636,0.04158007726073265,0.9426686763763428,0.2515465319156647,0.24794913828372955,0.5005043148994446
0.06537890434265137,0.06666839122772217,0.8679526448249817,0.2896653115749359,0.2914386987686157,0.41889601945877075
0.010989087633788586,0.07056412100791931,0.9184467792510986,0.1855562925338745,0.16821010410785675,0.6462336182594299
0.021965697407722473,0.06119956448674202,0.9168347716331482,0.27502408623695374,0.25243788957595825,0.4725381135940552
0.01962098479270935,0.0765160545706749,0.9038630127906799,0.298773854970932,0.2853074073791504,0.4159187078475952
0.02813328430056572,0.020452512428164482,0.951414167881012,0.2660699188709259,0.22426541149616241,0.5096647143363953
0.04970557242631912,0.03905247151851654,0.9112419486045837,0.26287636160850525,0.2771109640598297,0.46001267433166504
0.027406971901655197,0.02607540786266327,0.9465176463127136,0.3019731342792511,0.2559686303138733,0.4420582056045532
0.04347109794616699,0.050378136336803436,0.906150758266449,0.3053402900695801,0.21282385289669037,0.48183584213256836
0.036542292684316635,0.09184488654136658,0.8716127872467041,0.2290835976600647,0.2514762878417969,0.5194401144981384
0.02277996763586998,0.07875644415616989,0.8984636068344116,0.22078391909599304,0.2443855106830597,0.5348305702209473
0.03467918187379837,0.060390204191207886,0.904930591583252,0.24245887994766235,0.22423608601093292,0.5333050489425659
0.003802881110459566,0.06384368240833282,0.9323534965515137,0.2350800782442093,0.24780957400798798,0.5171103477478027
0.13675209879875183,0.007347363978624344,0.8559004664421082,0.3047427237033844,0.2635558247566223,0.43170151114463806
0.01805630326271057,0.032016415148973465,0.9499273300170898,0.272636353969574,0.32910317182540894,0.3982604146003723
0.06424929201602936,0.12225160747766495,0.8134991526603699,0.31045252084732056,0.2719408869743347,0.4176065921783447
0.019834870472550392,0.10658684372901917,0.8735783100128174,0.22741155326366425,0.23943336308002472,0.5331550240516663
0.09740060567855835,0.035112906247377396,0.8674865365028381,0.36080044507980347,0.2167627513408661,0.42243680357933044
0.012979038059711456,0.0582675039768219,0.9287534356117249,0.2522188127040863,0.2737475037574768,0.4740336835384369
0.012007784098386765,0.024734802544116974,0.963257372379303,0.21555247902870178,0.23091553151607513,0.5535320043563843
0.02725997380912304,0.021596023812890053,0.9511440396308899,0.24766860902309418,0.2687350809574127,0.4835963249206543
0.013573240488767624,0.03300873190164566,0.953417956829071,0.22139424085617065,0.24608032405376434,0.5325254201889038
0.25158876180648804,0.061174675822257996,0.6872365474700928,0.36196640133857727,0.29499590396881104,0.3430377244949341
0.013106503523886204,0.022078247740864754,0.9648151993751526,0.19358761608600616,0.17346197366714478,0.6329503655433655
0.004560261499136686,0.026910768821835518,0.9685289859771729,0.19495971500873566,0.2238500714302063,0.5811901688575745
0.02656208723783493,0.018158044666051865,0.9552798867225647,0.2848237454891205,0.22705355286598206,0.4881226718425751
0.006992721930146217,0.014257344417273998,0.9787499308586121,0.20366936922073364,0.2287401705980301,0.5675904750823975
0.03534037619829178,0.006909836549311876,0.9577498435974121,0.24152407050132751,0.2202056646347046,0.5382702350616455
0.04212430864572525,0.008216164074838161,0.9496594667434692,0.26978549361228943,0.2453053742647171,0.4849090874195099
0.021235518157482147,0.005291102919727564,0.9734733700752258,0.23514972627162933,0.23457631468772888,0.530273973941803
0.015834366902709007,0.1238495334982872,0.8603160381317139,0.2028910368680954,0.28766316175460815,0.5094457268714905
0.05157483369112015,0.020975930616259575,0.9274492859840393,0.24596966803073883,0.2922210395336151,0.46180930733680725
0.044801440089941025,0.006842066999524832,0.9483565092086792,0.2765490710735321,0.2537137269973755,0.46973717212677
0.08038970082998276,0.035707566887140274,0.8839027285575867,0.27418747544288635,0.297446072101593,0.42836645245552063
0.03576263040304184,0.011466758325695992,0.9527706503868103,0.312459796667099,0.2854022681713104,0.4021379053592682
0.017284397035837173,0.010488636791706085,0.9722270369529724,0.28190627694129944,0.24077428877353668,0.47731947898864746
0.05806685984134674,0.029614238068461418,0.9123188853263855,0.33667466044425964,0.28089046478271484,0.3824349045753479
0.028021665289998055,0.05304611474275589,0.9189322590827942,0.26400673389434814,0.22970929741859436,0.5062839984893799
0.01198059506714344,0.02129524014890194,0.9667242169380188,0.2570684850215912,0.2500734031200409,0.4928581416606903
0.00867834035307169,0.058172814548015594,0.9331487417221069,0.19176585972309113,0.23558717966079712,0.5726469159126282
0.04288845509290695,0.013775071129202843,0.9433364272117615,0.27771908044815063,0.26418986916542053,0.45809099078178406
0.02729933336377144,0.03449274227023125,0.9382079243659973,0.25993943214416504,0.25166529417037964,0.48839521408081055
0.025476321578025818,0.003951044287532568,0.9705725312232971,0.24149665236473083,0.24267874658107758,0.5158246159553528
0.0355975367128849,0.04363631457090378,0.9207661747932434,0.2663363218307495,0.2592155933380127,0.47444817423820496
0.04197152331471443,0.006717499345541,0.9513108730316162,0.2498501092195511,0.24439029395580292,0.5057595372200012
0.028035901486873627,0.051666729152202606,0.920297384262085,0.25188004970550537,0.25206461548805237,0.49605533480644226
0.03548472747206688,0.011035678908228874,0.953479528427124,0.2442665845155716,0.23047780990600586,0.5252556800842285
0.026421325281262398,0.01590839959681034,0.9576702117919922,0.3592282235622406,0.17702949047088623,0.46374228596687317
0.012206154875457287,0.04152541235089302,0.9462684392929077,0.22324715554714203,0.21516694128513336,0.5615859031677246
0.039835505187511444,0.06276191025972366,0.8974027037620544,0.23462186753749847,0.23360735177993774,0.5317707657814026
0.010388931259512901,0.04801448434591293,0.9415966272354126,0.2248946577310562,0.2267138659954071,0.5483915209770203
0.07393063604831696,0.04799027740955353,0.8780790567398071,0.3633902668952942,0.20105098187923431,0.4355587959289551
0.017488466575741768,0.035104136914014816,0.9474073648452759,0.265584260225296,0.2694374918937683,0.46497827768325806
0.030404778197407722,0.013981630094349384,0.9556136727333069,0.22430552542209625,0.25225508213043213,0.523439347743988
0.006620858330279589,0.04470185562968254,0.9486773014068604,0.226527601480484,0.2225804626941681,0.5508919358253479
0.07228588312864304,0.01602710224688053,0.9116870760917664,0.2759276032447815,0.3042309582233429,0.4198414981365204
0.011239105835556984,0.023378601297736168,0.9653823375701904,0.21086840331554413,0.2003297507762909,0.5888018608093262
0.010708370245993137,0.07129152864217758,0.9180001020431519,0.2573928236961365,0.293754518032074,0.44885265827178955
0.04119642823934555,0.051798202097415924,0.9070053696632385,0.2594468295574188,0.25489500164985657,0.4856581389904022
0.015495119616389275,0.013607787899672985,0.9708970785140991,0.24986262619495392,0.21215921640396118,0.5379781723022461
0.047512248158454895,0.052488647401332855,0.8999990820884705,0.31176507472991943,0.23616717755794525,0.45206770300865173
0.025908714160323143,0.15859393775463104,0.8154973983764648,0.29476872086524963,0.2808242738246918,0.424407035112381
0.006869466509670019,0.04004589095711708,0.9530846476554871,0.23973095417022705,0.2699318528175354,0.49033722281455994
0.016317641362547874,0.019434532150626183,0.9642478227615356,0.23218190670013428,0.21994619071483612,0.5478719472885132
0.015425072982907295,0.019010256975889206,0.9655646085739136,0.2549819350242615,0.23369912803173065,0.5113189220428467
0.024166183546185493,0.04386626556515694,0.9319674968719482,0.2358340322971344,0.24311237037181854,0.5210535526275635
0.013124135322868824,0.07485416531562805,0.9120216965675354,0.2653827667236328,0.24638450145721436,0.48823273181915283
0.01888442039489746,0.02381393313407898,0.9573016166687012,0.25554001331329346,0.25071981549263,0.49374017119407654
0.02105773240327835,0.009840687736868858,0.9691015481948853,0.2712416350841522,0.22540311515331268,0.5033552646636963
0.28525489568710327,0.08195667713880539,0.632788360118866,0.31434106826782227,0.2860448956489563,0.3996140956878662
0.0599021352827549,0.04335707798600197,0.896740734577179,0.35369986295700073,0.3229922950267792,0.3233078718185425
0.00777625385671854,0.017524059861898422,0.9746997356414795,0.20072698593139648,0.22156158089637756,0.5777114629745483
0.054667238146066666,0.03548590838909149,0.909846842288971,0.31609514355659485,0.25896748900413513,0.42493733763694763
0.05435286462306976,0.039263766258955,0.9063832759857178,0.30208683013916016,0.22254782915115356,0.47536537051200867
0.004911887925118208,0.04616248607635498,0.9489255547523499,0.23471219837665558,0.24753506481647491,0.5177527070045471
0.005966225638985634,0.05696643143892288,0.9370673298835754,0.18565788865089417,0.22504234313964844,0.5892997980117798
0.02232035994529724,0.00774579169228673,0.9699337482452393,0.22656837105751038,0.26372379064559937,0.5097078680992126
0.08915837854146957,0.014103461056947708,0.8967381715774536,0.3107885718345642,0.293038934469223,0.3961724638938904
0.022092711180448532,0.029282383620738983,0.948624849319458,0.29026028513908386,0.28036996722221375,0.42936980724334717
0.10341554135084152,0.00994631927460432,0.8866381049156189,0.2565285563468933,0.24676133692264557,0.4967100918292999
0.011885167099535465,0.06583049148321152,0.9222843647003174,0.32103079557418823,0.240004763007164,0.43896448612213135
0.046018585562705994,0.009369809180498123,0.944611668586731,0.3088684380054474,0.23920004069805145,0.45193150639533997
0.0016979575157165527,0.030401652678847313,0.9679003953933716,0.23770785331726074,0.2529151737689972,0.5093770027160645
0.0051458291709423065,0.05730940401554108,0.9375448226928711,0.22310540080070496,0.24064621329307556,0.5362483263015747
0.0030213382560759783,0.027087144553661346,0.9698914885520935,0.21571679413318634,0.22951722145080566,0.5547659993171692
0.01579979620873928,0.025608062744140625,0.9585922360420227,0.29044556617736816,0.31343379616737366,0.39612066745758057
0.02096416987478733,0.0189395509660244,0.9600962996482849,0.26785537600517273,0.25230351090431213,0.47984111309051514
0.007897489704191685,0.020404666662216187,0.9716978073120117,0.23095838725566864,0.21256116032600403,0.5564804673194885
0.03568471595644951,0.0066316993907094,0.9576835632324219,0.2513640224933624,0.24873898923397064,0.4998970329761505
0.032515719532966614,0.012817551381886005,0.9546667337417603,0.2703407108783722,0.28865134716033936,0.44100794196128845
0.002768952399492264,0.039878103882074356,0.9573529362678528,0.27616751194000244,0.24479033052921295,0.4790422320365906
0.050410930067300797,0.06816735863685608,0.8814216256141663,0.245339497923851,0.23139484226703644,0.5232656598091125
0.021095547825098038,0.01655808463692665,0.9623463749885559,0.2914038300514221,0.24213767051696777,0.4664584994316101
0.018588343635201454,0.03265543282032013,0.9487562775611877,0.2983326315879822,0.2502494752407074,0.4514179527759552
0.007110983598977327,0.01778993383049965,0.9750990271568298,0.28774234652519226,0.21435464918613434,0.4979029893875122
0.019908659160137177,0.1269141286611557,0.8531771898269653,0.2565617263317108,0.27264219522476196,0.47079604864120483
0.05527980998158455,0.05167762190103531,0.8930425643920898,0.371703565120697,0.2743280827999115,0.3539683222770691
0.06008242443203926,0.022738002240657806,0.9171795845031738,0.25347381830215454,0.22605055570602417,0.5204755663871765
0.18259373307228088,0.029273925349116325,0.7881322503089905,0.3196331262588501,0.1979566216468811,0.4824102520942688
0.04445568472146988,0.0717371255159378,0.8838071823120117,0.2512803375720978,0.24408498406410217,0.5046346783638
0.12262367457151413,0.019628189504146576,0.8577481508255005,0.3286080062389374,0.3020634055137634,0.3693286180496216
0.010052265599370003,0.015357841737568378,0.9745898842811584,0.24280419945716858,0.18184083700180054,0.5753549933433533
0.005217976868152618,0.019644420593976974,0.9751375317573547,0.24572432041168213,0.23169060051441193,0.5225850939750671
0.010899541899561882,0.021277835592627525,0.9678225517272949,0.2750309407711029,0.2801816761493683,0.4447874128818512
0.01799110136926174,0.04104152321815491,0.9409674406051636,0.24708759784698486,0.2525922656059265,0.5003201365470886
0.032036107033491135,0.03765571489930153,0.9303082227706909,0.3424204885959625,0.1617874801158905,0.49579209089279175
0.07707211375236511,0.04732074216008186,0.8756070733070374,0.3266983926296234,0.2726327180862427,0.40066882967948914
0.0055505563504993916,0.12945225834846497,0.8649972081184387,0.1971961259841919,0.20525187253952026,0.5975520014762878
0.0017730470281094313,0.041311342269182205,0.956915557384491,0.21818660199642181,0.2182931751012802,0.5635201930999756
0.06713949143886566,0.040228087455034256,0.8926323652267456,0.34302791953086853,0.19289158284664154,0.46408045291900635
0.08067494630813599,0.015342672355473042,0.903982400894165,0.3029898405075073,0.2383352816104889,0.4586748480796814
0.037219952791929245,0.044135093688964844,0.918644905090332,0.2989102900028229,0.2551570534706116,0.44593262672424316
0.01028021052479744,0.10842467099428177,0.8812951445579529,0.26218661665916443,0.2506081163883209,0.48720523715019226
0.09950568526983261,0.005343593657016754,0.8951507210731506,0.27880486845970154,0.267225444316864,0.45396968722343445
0.013477204367518425,0.05452748015522957,0.9319953918457031,0.2350836843252182,0.33073291182518005,0.4341833293437958
0.027392622083425522,0.048499949276447296,0.9241074919700623,0.26454848051071167,0.24535523355007172,0.49009618163108826
0.005651830229908228,0.03452880680561066,0.9598193168640137,0.268582284450531,0.28381794691085815,0.44759976863861084
0.01607721857726574,0.04586687311530113,0.9380558729171753,0.2484605759382248,0.24480269849300385,0.5067367553710938
0.022946715354919434,0.035040855407714844,0.9420124888420105,0.29023051261901855,0.27055758237838745,0.4392119348049164
0.014918412081897259,0.12896984815597534,0.8561117053031921,0.2606121599674225,0.23973572254180908,0.4996521472930908
0.032770462334156036,0.05695502460002899,0.9102745652198792,0.2706751525402069,0.2428612858057022,0.4864635765552521
0.005370104685425758,0.04632554575800896,0.9483044147491455,0.22759827971458435,0.22748719155788422,0.5449146032333374
0.0474029965698719,0.01386935357004404,0.938727617263794,0.25067445635795593,0.21559427678585052,0.53373122215271
0.00722156697884202,0.0450906977057457,0.9476877450942993,0.26655325293540955,0.2938137650489807,0.43963298201560974
0.013908634893596172,0.06471450626850128,0.9213769435882568,0.2036701738834381,0.2290833741426468,0.5672464370727539
0.0169443991035223,0.023883771151304245,0.9591718316078186,0.20989498496055603,0.24461449682712555,0.545490562915802
0.019026286900043488,0.02305116131901741,0.9579225182533264,0.22889626026153564,0.21445146203041077,0.556652307510376
0.05124412104487419,0.03821178525686264,0.9105440974235535,0.2418842911720276,0.2395043820142746,0.5186113715171814
0.02360195480287075,0.057257577776908875,0.9191404581069946,0.22776776552200317,0.2536594271659851,0.5185728073120117
0.01004730723798275,0.18080903589725494,0.8091437220573425,0.2379934936761856,0.27266111969947815,0.48934537172317505
0.06734452396631241,0.07033564150333405,0.8623198866844177,0.2915012538433075,0.24995894730091095,0.4585398733615875
0.08325507491827011,0.07466581463813782,0.8420790433883667,0.2902904450893402,0.2896532714366913,0.4200562834739685
0.033998142927885056,0.08660560101270676,0.8793962001800537,0.2514458894729614,0.2769526541233063,0.4716013967990875
0.009331556968390942,0.10171714425086975,0.8889513611793518,0.2464156150817871,0.2305835634469986,0.5230008363723755
0.002967107342556119,0.01431514322757721,0.9827176928520203,0.2572358250617981,0.24834950268268585,0.49441465735435486
0.019252408295869827,0.0394262969493866,0.9413213729858398,0.29119452834129333,0.2419988065958023,0.46680670976638794
0.17523950338363647,0.005309892352670431,0.8194505572319031,0.28583842515945435,0.26044952869415283,0.4537120759487152
0.021847642958164215,0.027136774733662605,0.9510155916213989,0.26272282004356384,0.2720569968223572,0.4652201533317566
0.020041443407535553,0.05582469701766968,0.924133837223053,0.22623075544834137,0.21534450352191925,0.5584247708320618
0.03845421224832535,0.05235576257109642,0.9091901183128357,0.2754647135734558,0.30167219042778015,0.42286306619644165
0.018528670072555542,0.04860248789191246,0.9328687787055969,0.21314595639705658,0.20099125802516937,0.5858627557754517
0.007734384853392839,0.010428099893033504,0.9818375706672668,0.23986738920211792,0.2678365111351013,0.4922960698604584
0.003910769708454609,0.05582956597208977,0.9402597546577454,0.31182563304901123,0.2995322048664093,0.3886421322822571
0.14440181851387024,0.023201819509267807,0.832396388053894,0.31103357672691345,0.28493309020996094,0.404033362865448
0.03521942347288132,0.0783669576048851,0.8864136338233948,0.2706592082977295,0.28337153792381287,0.44596928358078003
0.027403024956583977,0.02343904972076416,0.9491580128669739,0.2625347077846527,0.2664087414741516,0.4710564911365509
0.0161014162003994,0.04809343069791794,0.9358051419258118,0.22801744937896729,0.22646406292915344,0.5455184578895569
0.0796014815568924,0.04942568391561508,0.8709728717803955,0.3113901615142822,0.2778937518596649,0.4107160270214081
0.018708689138293266,0.061178915202617645,0.9201124310493469,0.31448131799697876,0.2766324579715729,0.408886194229126
0.0009979796595871449,0.010278033092617989,0.9887239933013916,0.23677295446395874,0.25545066595077515,0.5077763795852661
0.015923816710710526,0.010382082313299179,0.9736940860748291,0.251755952835083,0.24401022493839264,0.5042338371276855
0.006843991111963987,0.02771042101085186,0.9654455780982971,0.23006409406661987,0.23684611916542053,0.533089816570282
0.005758612882345915,0.03894200921058655,0.9552993774414062,0.21668845415115356,0.21612542867660522,0.5671861171722412
0.041802577674388885,0.01740039885044098,0.9407970905303955,0.2807483971118927,0.27897194027900696,0.44027963280677795
0.056993890553712845,0.036547329276800156,0.9064587950706482,0.2640324532985687,0.27976036071777344,0.45620718598365784
0.03227965533733368,0.055178314447402954,0.9125419855117798,0.27420467138290405,0.24077671766281128,0.48501864075660706
0.0672660544514656,0.01776942051947117,0.9149645566940308,0.28778794407844543,0.2682151198387146,0.44399693608283997
0.20703622698783875,0.1017424464225769,0.6912213563919067,0.26593759655952454,0.2255055457353592,0.5085569024085999
0.030299797654151917,0.09110121428966522,0.8785989284515381,0.21702593564987183,0.22660982608795166,0.5563641786575317
0.015395999886095524,0.02835908718407154,0.9562448263168335,0.2576519846916199,0.2435234785079956,0.49882450699806213
0.02788928523659706,0.05124618113040924,0.9208645224571228,0.28214433789253235,0.2792319357395172,0.43862369656562805
0.004747327882796526,0.049005500972270966,0.9462471604347229,0.26314443349838257,0.2813495099544525,0.4555061161518097
0.00659689586609602,0.051844287663698196,0.9415587782859802,0.251691609621048,0.2698938846588135,0.47841450572013855
0.0805828645825386,0.04627484455704689,0.8731423020362854,0.29789015650749207,0.2787806987762451,0.4233291447162628
0.006271165795624256,0.0427929162979126,0.9509359002113342,0.21497316658496857,0.21564993262290955,0.5693769454956055
0.038954541087150574,0.08477351814508438,0.8762720227241516,0.2703905999660492,0.22105033695697784,0.5085590481758118
0.0162320788949728,0.020822057500481606,0.9629459381103516,0.23695243895053864,0.22461609542369843,0.5384314656257629
0.004452559631317854,0.045263905078172684,0.9502835273742676,0.2393847405910492,0.24061520397663116,0.5200000405311584
0.0018770905444398522,0.02955682761967182,0.9685661196708679,0.18888883292675018,0.18888883292675018,0.6222223043441772
0.0022210651077330112,0.025134878233075142,0.9726439714431763,0.22719870507717133,0.23498375713825226,0.5378174781799316
0.02461581490933895,0.03162276744842529,0.9437614679336548,0.29261836409568787,0.2865910530090332,0.42079055309295654
0.011895118281245232,0.055989816784858704,0.9321150183677673,0.22518464922904968,0.2618732452392578,0.5129420161247253
0.02176201529800892,0.07785313576459885,0.9003848433494568,0.2822574973106384,0.27523139119148254,0.4425111711025238
0.03141061216592789,0.2923941910266876,0.6761951446533203,0.17649313807487488,0.18200676143169403,0.6415001153945923
0.019598128274083138,0.08636549860239029,0.8940364122390747,0.2790006101131439,0.27253758907318115,0.44846174120903015
0.020146315917372704,0.05540889874100685,0.9244447946548462,0.28392118215560913,0.2561846077442169,0.45989423990249634
0.015717385336756706,0.05004739761352539,0.9342352747917175,0.30782079696655273,0.279317706823349,0.41286149621009827
0.01427136268466711,0.020734313875436783,0.9649942517280579,0.318770170211792,0.2596491277217865,0.4215807616710663
0.006247162353247404,0.014475527219474316,0.9792773127555847,0.1980486512184143,0.21414165198802948,0.5878097414970398
0.02903923951089382,0.008843503892421722,0.9621172547340393,0.3217441737651825,0.28148797154426575,0.39676788449287415
0.02755628526210785,0.031856779009103775,0.9405869841575623,0.24719400703907013,0.2803812026977539,0.47242480516433716
0.027848592028021812,0.1007160171866417,0.8714354038238525,0.2295842319726944,0.1940859705209732,0.5763298273086548
0.0251202043145895,0.016939183697104454,0.9579405784606934,0.2507059574127197,0.22550079226493835,0.5237932801246643
0.009637411683797836,0.02915382571518421,0.9612087607383728,0.2260691523551941,0.2314867526292801,0.5424441695213318
0.014973975718021393,0.05226431414484978,0.9327616095542908,0.2399623543024063,0.29392728209495544,0.46611037850379944
0.009620320051908493,0.02993808686733246,0.9604415893554688,0.1912304311990738,0.23183591663837433,0.5769336223602295
0.008773528039455414,0.013132096268236637,0.9780943989753723,0.21951091289520264,0.2211785763502121,0.5593104958534241
0.012413027696311474,0.0827009379863739,0.9048860669136047,0.24895378947257996,0.2610287666320801,0.4900174140930176
0.0479392372071743,0.013545011170208454,0.9385156631469727,0.28995391726493835,0.2618875801563263,0.4481584429740906
0.012168494053184986,0.05729231983423233,0.9305391907691956,0.23257939517498016,0.2782251834869385,0.4891953766345978
0.06417013704776764,0.02097589336335659,0.9148539900779724,0.27606961131095886,0.25460678339004517,0.46932363510131836
0.02383984439074993,0.02015373483300209,0.9560064077377319,0.2691173255443573,0.24428750574588776,0.4865952432155609
0.006126329302787781,0.03728174790740013,0.9565920233726501,0.23760181665420532,0.2545364201068878,0.5078617334365845
0.019601164385676384,0.022960886359214783,0.9574379324913025,0.27009317278862,0.2584177851676941,0.4714890718460083
0.01990959793329239,0.048489078879356384,0.931601345539093,0.24324394762516022,0.26921364665031433,0.48754242062568665
0.025395825505256653,0.017903126776218414,0.9567010998725891,0.29110029339790344,0.26263427734375,0.44626539945602417
0.016760777682065964,0.008160578086972237,0.9750785827636719,0.2139202356338501,0.22206203639507294,0.5640177130699158
0.05571604147553444,0.01901669055223465,0.9252672791481018,0.26289495825767517,0.25721287727355957,0.4798921048641205
0.005623758304864168,0.05413086339831352,0.9402452707290649,0.22481924295425415,0.2659386098384857,0.5092421770095825
0.11582262814044952,0.057821329683065414,0.826356053352356,0.2937557101249695,0.2527082860469818,0.4535359740257263
0.023697076365351677,0.0444018580019474,0.9319010376930237,0.3341866433620453,0.2959871292114258,0.36982619762420654
0.00543084554374218,0.07945576310157776,0.9151134490966797,0.2577063739299774,0.2542070150375366,0.4880865514278412
0.026733141392469406,0.02349993959069252,0.9497668743133545,0.3004155158996582,0.2884134352207184,0.4111710488796234
0.013995333574712276,0.0396747961640358,0.9463297724723816,0.21390683948993683,0.20661820471286774,0.5794750452041626
0.00933894608169794,0.030591333284974098,0.9600697159767151,0.20209990441799164,0.18980896472930908,0.6080911159515381
0.012410926632583141,0.017899775877594948,0.9696892499923706,0.25454479455947876,0.2642972767353058,0.48115795850753784
0.018615638837218285,0.06136704608798027,0.9200173616409302,0.2578182518482208,0.26730430126190186,0.47487735748291016
0.010089493356645107,0.06828120350837708,0.9216293096542358,0.28627917170524597,0.2695917785167694,0.4441291391849518
0.009575328789651394,0.050214022397994995,0.9402106404304504,0.2397991418838501,0.2514914572238922,0.5087093710899353
0.028248758986592293,0.9281905889511108,0.043560691177845,0.2768179774284363,0.4218909442424774,0.3012911081314087
0.005558657459914684,0.08483417332172394,0.9096072316169739,0.21883273124694824,0.25261393189430237,0.528553307056427
0.029165932908654213,0.06084641441702843,0.9099876880645752,0.2591944634914398,0.20539039373397827,0.5354151129722595
0.05151095986366272,0.1583070158958435,0.7901820540428162,0.2661144435405731,0.27875789999961853,0.4551277160644531
0.009486404247581959,0.9314790964126587,0.059034496545791626,0.2759897708892822,0.44622913002967834,0.2777811586856842
0.026953114196658134,0.7214103937149048,0.2516365051269531,0.29207539558410645,0.3897457718849182,0.31817886233329773
0.03082869201898575,0.1647167056798935,0.8044546246528625,0.25359371304512024,0.2879914343357086,0.45841482281684875
0.017180047929286957,0.9546328783035278,0.028187140822410583,0.2739369869232178,0.4454585313796997,0.28060445189476013
0.007761291693896055,0.04657858982682228,0.9456600546836853,0.20527283847332,0.24646040797233582,0.5482667088508606
0.018931370228528976,0.9356213808059692,0.045447271317243576,0.2693895101547241,0.4701458811759949,0.2604645788669586
0.007987987250089645,0.06872615963220596,0.9232857823371887,0.22197553515434265,0.19675545394420624,0.5812689661979675
0.0029340842738747597,0.05702195689082146,0.9400439262390137,0.26193729043006897,0.25863292813301086,0.4794297516345978
0.013850989751517773,0.9015702605247498,0.084578737616539,0.297349750995636,0.39095431566238403,0.31169596314430237
0.03465551137924194,0.038229264318943024,0.9271152019500732,0.24071139097213745,0.25075897574424744,0.5085296034812927
0.010318197309970856,0.035119712352752686,0.9545621275901794,0.23519612848758698,0.25558358430862427,0.5092202425003052
0.031343892216682434,0.3590623140335083,0.6095938086509705,0.2709248960018158,0.304460346698761,0.4246147871017456
0.010251910425722599,0.036675989627838135,0.9530720710754395,0.23494240641593933,0.25778186321258545,0.5072757601737976
0.013777593150734901,0.9518383145332336,0.0343841053545475,0.2814920246601105,0.41820448637008667,0.30030354857444763
0.028381450101733208,0.03496095538139343,0.9366576075553894,0.2486979365348816,0.22287696599960327,0.5284250974655151
0.015774626284837723,0.05297544226050377,0.9312499165534973,0.25686952471733093,0.2252522110939026,0.5178782939910889
0.0026244930922985077,0.03708918020129204,0.9602863192558289,0.22832171618938446,0.23834621906280518,0.5333320498466492
0.024470791220664978,0.052774857729673386,0.9227542877197266,0.2552657723426819,0.23384502530097961,0.5108892321586609
0.03188391402363777,0.11222708970308304,0.8558889627456665,0.21656356751918793,0.18189790844917297,0.6015385389328003
0.07352302223443985,0.2210318148136139,0.7054451704025269,0.3223709464073181,0.3012908399105072,0.3763381838798523
0.0055012814700603485,0.11684979498386383,0.8776490092277527,0.27785712480545044,0.27745044231414795,0.4446924924850464
0.00679514417424798,0.9613674879074097,0.03183740749955177,0.2803930342197418,0.4449056088924408,0.274701327085495
0.01749218814074993,0.14624592661857605,0.8362619280815125,0.25663596391677856,0.22367797791957855,0.5196861028671265
0.03312552347779274,0.06805218011140823,0.8988223075866699,0.27095603942871094,0.18932166695594788,0.5397223830223083
0.0066122813150286674,0.030078820884227753,0.9633088111877441,0.2425917685031891,0.1790725737810135,0.578335702419281
0.06155700236558914,0.06639669090509415,0.8720462322235107,0.2683655619621277,0.25758108496665955,0.4740533232688904
0.029760615900158882,0.8646515607833862,0.10558785498142242,0.275776207447052,0.4115951955318451,0.3126285970211029
0.015163411386311054,0.19331008195877075,0.7915265560150146,0.22018912434577942,0.2552991509437561,0.5245117545127869
0.012822313234210014,0.9086219072341919,0.07855577021837234,0.31281962990760803,0.39035722613334656,0.2968231439590454
0.031386591494083405,0.17557397484779358,0.7930394411087036,0.2904055118560791,0.3089086711406708,0.40068578720092773
0.015083801001310349,0.04347626492381096,0.9414399266242981,0.2440902143716812,0.2578735947608948,0.49803614616394043
0.018365701660513878,0.04515689238905907,0.9364774227142334,0.24898146092891693,0.17905572056770325,0.571962833404541
0.02352193556725979,0.07992415130138397,0.8965539336204529,0.2820536196231842,0.23757097125053406,0.4803754389286041
0.00936848483979702,0.9621663689613342,0.02846512198448181,0.2763154208660126,0.4539017975330353,0.26978281140327454
0.00499272346496582,0.08535753190517426,0.9096497297286987,0.27348822355270386,0.2605822682380676,0.4659295082092285
0.04175591096282005,0.5446810722351074,0.41356298327445984,0.27575674653053284,0.4027940332889557,0.3214491903781891
0.015715906396508217,0.9214628338813782,0.06282126158475876,0.26311737298965454,0.4753982722759247,0.26148438453674316
0.04623236507177353,0.08609973639249802,0.8676679134368896,0.24805475771427155,0.253240704536438,0.4987045228481293
0.024148235097527504,0.7652984857559204,0.21055324375629425,0.3511013090610504,0.35732758045196533,0.29157108068466187
0.0045512341894209385,0.009772365912795067,0.9856764078140259,0.2559741139411926,0.2555370330810547,0.4884887933731079
0.010040887631475925,0.04734431579709053,0.9426147937774658,0.22961458563804626,0.2567797005176544,0.5136057138442993
0.0342419408261776,0.20965492725372314,0.7561032176017761,0.28894758224487305,0.3124268054962158,0.39862558245658875
0.006387152709066868,0.9751670956611633,0.018445776775479317,0.26090365648269653,0.4684444069862366,0.2706518769264221
0.04089336842298508,0.09410996735095978,0.8649966716766357,0.2637922167778015,0.27391570806503296,0.4622920751571655
0.009429838508367538,0.056471433490514755,0.9340987205505371,0.22356630861759186,0.22914759814739227,0.5472861528396606
0.021116212010383606,0.09319184720516205,0.8856919407844543,0.2559373676776886,0.24988657236099243,0.49417605996131897
0.007702574599534273,0.09150633215904236,0.9007911086082458,0.22143493592739105,0.22701841592788696,0.5515466332435608
0.057095058262348175,0.042783111333847046,0.900121808052063,0.2552535831928253,0.25763264298439026,0.48711374402046204
0.04131446033716202,0.13933065533638,0.8193548917770386,0.28685635328292847,0.30507758259773254,0.4080660939216614
0.004933761898428202,0.17979277670383453,0.8152734637260437,0.24185581505298615,0.23544710874557495,0.5226970911026001
0.01142596174031496,0.05025395005941391,0.9383201003074646,0.21467015147209167,0.1859857439994812,0.5993441939353943
0.0038000994827598333,0.07358241826295853,0.922617495059967,0.20708215236663818,0.23146848380565643,0.5614493489265442
0.012263781391084194,0.03978174552321434,0.947954535484314,0.2831898331642151,0.2855503261089325,0.43125981092453003
0.013545803725719452,0.9533509016036987,0.033103249967098236,0.29084694385528564,0.4279591143131256,0.28119397163391113
0.02103099785745144,0.040876202285289764,0.938092827796936,0.2839619219303131,0.24490070343017578,0.4711373448371887
0.018757788464426994,0.13137030601501465,0.849871814250946,0.3244342803955078,0.293101966381073,0.3824637234210968
0.018230168148875237,0.3661627471446991,0.6156071424484253,0.270652711391449,0.3239288926124573,0.4054184556007385
0.025907739996910095,0.1498185098171234,0.8242737650871277,0.2731834053993225,0.27532604336738586,0.45149052143096924
0.013748754747211933,0.09046114236116409,0.8957900404930115,0.2953721880912781,0.3026721775531769,0.40195563435554504
0.05058776214718819,0.07776110619306564,0.8716511726379395,0.2665862441062927,0.27531734108924866,0.45809638500213623
0.0071561820805072784,0.9708120226860046,0.022031832486391068,0.2775734066963196,0.4358322024345398,0.28659436106681824
0.020769132301211357,0.9336782693862915,0.04555262252688408,0.2899360954761505,0.42350563406944275,0.28655827045440674
0.018219802528619766,0.9191115498542786,0.06266860663890839,0.2679558992385864,0.45591965317726135,0.2761244475841522
0.004968517459928989,0.050047196447849274,0.9449843168258667,0.22879819571971893,0.20339800417423248,0.5678038001060486
0.0027932480443269014,0.08463415503501892,0.9125725626945496,0.1861836165189743,0.20483244955539703,0.6089839339256287
0.03840311989188194,0.26813700795173645,0.6934598684310913,0.2802458107471466,0.30007320642471313,0.41968095302581787
0.019240638241171837,0.9602377414703369,0.02052159607410431,0.2681376338005066,0.44348952174186707,0.28837284445762634
0.009527886286377907,0.9709221124649048,0.01954995095729828,0.2894762456417084,0.4132407009601593,0.29728302359580994
0.009370208717882633,0.8287819623947144,0.1618478000164032,0.26598116755485535,0.41661226749420166,0.3174065053462982
0.013311507180333138,0.12361160665750504,0.86307692527771,0.27608564496040344,0.3120831847190857,0.41183117032051086
0.014943305402994156,0.19041109085083008,0.7946456074714661,0.2365945726633072,0.2688833773136139,0.4945220351219177
0.007677742745727301,0.9595367312431335,0.032785482704639435,0.2950575053691864,0.4073529541492462,0.2975895404815674
0.02392558939754963,0.853347897529602,0.12272650003433228,0.2866107225418091,0.3871863782405853,0.3262028694152832
0.012950245290994644,0.946817934513092,0.04023187234997749,0.2770756483078003,0.45437344908714294,0.26855090260505676
0.010917261242866516,0.9571670293807983,0.031915731728076935,0.24740910530090332,0.46303996443748474,0.28955087065696716
0.012560373172163963,0.933686375617981,0.053753260523080826,0.2833782434463501,0.41170936822891235,0.3049124479293823
0.025993110612034798,0.02955489791929722,0.9444520473480225,0.20709238946437836,0.24888798594474792,0.5440196394920349
0.00774228572845459,0.039655979722738266,0.9526017308235168,0.2308589369058609,0.20365771651268005,0.5654833912849426
0.004614824429154396,0.06288667768239975,0.9324984550476074,0.23702363669872284,0.25385504961013794,0.509121298789978
0.0020728865638375282,0.027846015989780426,0.9700810313224792,0.2279934287071228,0.22467803955078125,0.547328531742096
0.032242801040410995,0.32643675804138184,0.6413204073905945,0.3354174494743347,0.3294924795627594,0.3350900411605835
0.02518005669116974,0.07145164906978607,0.903368353843689,0.25104227662086487,0.22052547335624695,0.5284322500228882
0.009914743714034557,0.030704032629728317,0.9593812227249146,0.2368171364068985,0.22718948125839233,0.5359933376312256
0.011123006232082844,0.9714036583900452,0.017473330721259117,0.27365627884864807,0.44386279582977295,0.28248095512390137
0.013894888572394848,0.052056096494197845,0.9340490102767944,0.2553320527076721,0.2169092297554016,0.5277586579322815
0.01744830422103405,0.8914382457733154,0.09111341089010239,0.2542511224746704,0.43748706579208374,0.30826181173324585
0.044245924800634384,0.7557070851325989,0.20004700124263763,0.2830796241760254,0.37529435753822327,0.34162601828575134
0.023128021508455276,0.8989264369010925,0.07794556766748428,0.2938138246536255,0.40941664576530457,0.2967695891857147
0.020599018782377243,0.20491734147071838,0.7744836211204529,0.30684447288513184,0.2726467251777649,0.42050883173942566
0.042075254023075104,0.10202337056398392,0.855901300907135,0.3190208077430725,0.2821541428565979,0.3988250494003296
0.017139635980129242,0.12328987568616867,0.8595704436302185,0.2567935883998871,0.25726422667503357,0.4859423041343689
0.004760371055454016,0.08984355628490448,0.9053961038589478,0.20335595309734344,0.26165664196014404,0.5349873304367065
0.015911513939499855,0.16077908873558044,0.8233093619346619,0.2824496626853943,0.27080148458480835,0.4467487633228302
0.0024373065680265427,0.05010329931974411,0.9474594593048096,0.16895058751106262,0.18006663024425507,0.6509828567504883
0.002227966208010912,0.06678508222103119,0.9309870004653931,0.2149522304534912,0.2747268080711365,0.5103209614753723
0.0373850017786026,0.8550435900688171,0.10757136344909668,0.2853783369064331,0.4068441092967987,0.3077775835990906
0.045408327132463455,0.07275743037462234,0.8818342685699463,0.25977158546447754,0.2668546438217163,0.47337374091148376
0.037494465708732605,0.0725376158952713,0.8899679183959961,0.28354859352111816,0.27576568722724915,0.4406857192516327
0.009739017114043236,0.9703946113586426,0.019866419956088066,0.3001278340816498,0.4063386917114258,0.29353347420692444
0.009377672336995602,0.9640508890151978,0.026571402326226234,0.2862749695777893,0.42703038454055786,0.28669464588165283
0.011239214800298214,0.13846801221370697,0.8502928018569946,0.3272615075111389,0.2426663339138031,0.430072158575058
0.011880104430019855,0.6891176104545593,0.2990022301673889,0.3233872354030609,0.31655219197273254,0.36006057262420654
0.0035838321782648563,0.08454816788434982,0.9118679761886597,0.20337992906570435,0.2599999010562897,0.5366201996803284
0.010777139104902744,0.014347273856401443,0.9748756289482117,0.24291691184043884,0.23441074788570404,0.5226723551750183
0.011477731168270111,0.9715427160263062,0.016979560256004333,0.2885057330131531,0.4276347756385803,0.283859521150589
0.0011193096870556474,0.042924411594867706,0.9559562802314758,0.2529454827308655,0.2690947949886322,0.4779597818851471
0.020778708159923553,0.05509320646524429,0.9241280555725098,0.2126767933368683,0.23176203668117523,0.5555611848831177
0.010157798416912556,0.9714487791061401,0.018393395468592644,0.26303985714912415,0.4499654471874237,0.28699472546577454
0.01981314830482006,0.9380165338516235,0.04217033088207245,0.30688661336898804,0.4007444977760315,0.29236891865730286
0.015314588323235512,0.053714800626039505,0.9309705495834351,0.24535992741584778,0.26947513222694397,0.48516491055488586
0.02296275645494461,0.07665524631738663,0.9003819227218628,0.2494717538356781,0.26718708872795105,0.4833410978317261
0.014271236956119537,0.06132906675338745,0.9243996739387512,0.25917771458625793,0.2603827714920044,0.48043960332870483
0.010874412953853607,0.8596537709236145,0.1294718235731125,0.2710527777671814,0.4468904733657837,0.2820568084716797
0.008425566367805004,0.020560268312692642,0.9710140824317932,0.24263419210910797,0.2435838282108307,0.5137819647789001
0.00146549625787884,0.04449068382382393,0.9540437459945679,0.2149498462677002,0.22792087495326996,0.5571292638778687
0.03059171512722969,0.14820700883865356,0.8212012648582458,0.30898529291152954,0.3430190086364746,0.34799572825431824
0.018705882132053375,0.07381180673837662,0.9074822664260864,0.25345009565353394,0.2686295807361603,0.47792041301727295
0.002871928969398141,0.05333616957068443,0.9437919855117798,0.2404407411813736,0.26130080223083496,0.49825847148895264
0.030422134324908257,0.9459428787231445,0.023635009303689003,0.2762599289417267,0.45414313673973083,0.26959696412086487
0.03982186317443848,0.9278347492218018,0.03234335035085678,0.25349900126457214,0.47186732292175293,0.2746336758136749
0.004117877688258886,0.017362326383590698,0.9785197377204895,0.20218996703624725,0.21787354350090027,0.5799365639686584
0.00823004450649023,0.05890529602766037,0.9328646659851074,0.26268741488456726,0.28209781646728516,0.45521482825279236
0.017290238291025162,0.8545137643814087,0.12819595634937286,0.2639327645301819,0.42079266905784607,0.31527459621429443
0.045727502554655075,0.9042220115661621,0.05005047470331192,0.2839280962944031,0.4563820958137512,0.2596897482872009
0.007203608751296997,0.9649179577827454,0.02787843905389309,0.27889588475227356,0.4251616597175598,0.29594239592552185
0.01244213618338108,0.962680459022522,0.024877402931451797,0.2690514624118805,0.45477598905563354,0.2761724889278412
0.024712400510907173,0.06944313645362854,0.9058444499969482,0.2679031491279602,0.29719406366348267,0.4349028468132019
0.027063053101301193,0.08544112741947174,0.8874958157539368,0.2578214108943939,0.2622654139995575,0.4799131453037262
0.020785536617040634,0.06644447892904282,0.9127699732780457,0.25335267186164856,0.27666160464286804,0.4699857234954834
0.02683303691446781,0.09750036895275116,0.875666618347168,0.2712983787059784,0.26905572414398193,0.4596458375453949
0.04708361253142357,0.01572105847299099,0.937195360660553,0.265684574842453,0.24885739386081696,0.4854580760002136
0.010760480538010597,0.04397383704781532,0.9452656507492065,0.2386474609375,0.2568138837814331,0.5045387148857117
0.00842711515724659,0.9617544412612915,0.029818421229720116,0.2920440435409546,0.43766143918037415,0.2702944874763489
0.017407527193427086,0.8954553604125977,0.0871371328830719,0.3212885856628418,0.37288329005241394,0.30582815408706665
0.002424536971375346,0.0769127681851387,0.9206627011299133,0.2096577137708664,0.21652430295944214,0.5738179683685303
0.014075491577386856,0.06795025616884232,0.9179742932319641,0.23777782917022705,0.24882426857948303,0.5133978724479675
0.009317577816545963,0.9701111316680908,0.020571261644363403,0.2886240482330322,0.4094170331954956,0.30195891857147217
0.06875284016132355,0.0725465938448906,0.8587006330490112,0.2667531967163086,0.2644512355327606,0.468795508146286
0.017271986231207848,0.08727648854255676,0.895451545715332,0.25580546259880066,0.24612583220005035,0.4980686604976654
0.02351687103509903,0.0668952688574791,0.9095878005027771,0.21890300512313843,0.17653882503509521,0.6045581698417664
0.025666268542408943,0.9421881437301636,0.03214558959007263,0.27542802691459656,0.4358554482460022,0.28871655464172363
0.006039184518158436,0.08355175703763962,0.9104090332984924,0.2614358067512512,0.2634862959384918,0.47507795691490173
0.019038761034607887,0.850058376789093,0.13090284168720245,0.2927967607975006,0.3954465985298157,0.31175661087036133
0.004996144212782383,0.03356391191482544,0.961439847946167,0.21635092794895172,0.2736935615539551,0.5099555253982544
0.013678531162440777,0.049596160650253296,0.9367252588272095,0.24138540029525757,0.18937306106090546,0.5692415833473206
0.040087103843688965,0.9290115237236023,0.030901383608579636,0.2502548098564148,0.4709744453430176,0.2787707448005676
0.0070394123904407024,0.05279504135251045,0.9401655197143555,0.26855164766311646,0.2578619420528412,0.47358646988868713
0.03254503011703491,0.03200919181108475,0.9354457855224609,0.22242790460586548,0.237178236246109,0.5403938889503479
0.004527649842202663,0.05706200748682022,0.9384104013442993,0.24828247725963593,0.2552897334098816,0.49642783403396606
0.015040612779557705,0.9405795931816101,0.04437984153628349,0.26684293150901794,0.42147162556648254,0.3116854727268219
0.016663365066051483,0.07087845355272293,0.9124582409858704,0.24519936740398407,0.22843939065933228,0.5263612270355225
0.014035447500646114,0.11677376180887222,0.8691907525062561,0.3246217370033264,0.35617920756340027,0.3191990554332733
0.013925823383033276,0.16956843435764313,0.8165057897567749,0.26996707916259766,0.28302672505378723,0.4470062255859375
0.042786356061697006,0.0885452926158905,0.8686683773994446,0.2542698383331299,0.24898681044578552,0.49674344062805176
0.0321265310049057,0.8751276731491089,0.09274584800004959,0.2654143273830414,0.43326228857040405,0.30132341384887695
0.024316931143403053,0.520426869392395,0.45525622367858887,0.3030115067958832,0.31889352202415466,0.37809494137763977
0.010178918018937111,0.06002329662442207,0.9297978281974792,0.22901411354541779,0.2569693922996521,0.5140164494514465
0.005364151205867529,0.04367535933852196,0.9509605169296265,0.2913074195384979,0.29212644696235657,0.4165661036968231
0.017495576292276382,0.8098985552787781,0.17260584235191345,0.2772115170955658,0.4291178286075592,0.2936707139015198
0.010397063568234444,0.09654787182807922,0.8930551409721375,0.21699824929237366,0.24818305671215057,0.534818708896637
0.0038500558584928513,0.042967379093170166,0.953182578086853,0.21931983530521393,0.26527532935142517,0.5154048800468445
0.04155304655432701,0.9342683553695679,0.024178573861718178,0.2583220601081848,0.42840391397476196,0.31327399611473083
0.007579146884381771,0.07971262186765671,0.9127082228660583,0.2687707543373108,0.24186751246452332,0.4893617630004883
0.020002456381917,0.9377762079238892,0.042221326380968094,0.27509963512420654,0.4476769268512726,0.2772234380245209
0.0026690461672842503,0.05631931126117706,0.9410116672515869,0.2437426596879959,0.22520506381988525,0.53105229139328
0.00954991951584816,0.09829308837652206,0.8921570181846619,0.24525102972984314,0.26492074131965637,0.4898282289505005
0.015177343040704727,0.9584444761276245,0.026378208771348,0.24967330694198608,0.4501175284385681,0.3002091348171234
0.015017922036349773,0.04948290064930916,0.9354991912841797,0.2714306116104126,0.27083486318588257,0.4577345848083496
0.020015066489577293,0.9041833281517029,0.07580163329839706,0.28296053409576416,0.4160500466823578,0.30098941922187805
0.011195873841643333,0.029011540114879608,0.9597925543785095,0.2625984251499176,0.26061850786209106,0.47678306698799133
0.04511261358857155,0.19186535477638245,0.7630220651626587,0.2780846953392029,0.2676927149295807,0.45422258973121643
0.022756142541766167,0.042142048478126526,0.9351017475128174,0.23544549942016602,0.24082306027412415,0.5237314105033875
0.023425867781043053,0.03900174796581268,0.9375723600387573,0.23913267254829407,0.18623670935630798,0.574630618095398
0.04020603001117706,0.11924439668655396,0.840549647808075,0.2837268114089966,0.2344616949558258,0.48181143403053284
0.01964453049004078,0.9147211909294128,0.06563425809144974,0.2669374942779541,0.4363608658313751,0.29670169949531555
0.013812917284667492,0.877407431602478,0.10877972096204758,0.2848215401172638,0.41756123304367065,0.29761722683906555
0.01255794521421194,0.17956006526947021,0.8078820109367371,0.22595185041427612,0.28340715169906616,0.49064093828201294
0.016743719577789307,0.10581710934638977,0.8774391412734985,0.2587786316871643,0.24716953933238983,0.49405184388160706
0.018025357276201248,0.8761773705482483,0.10579723119735718,0.32190123200416565,0.3935359716415405,0.28456273674964905
0.021444864571094513,0.08083334565162659,0.8977218270301819,0.2832300364971161,0.2554400861263275,0.4613299071788788
0.03155400604009628,0.10470674186944962,0.8637392520904541,0.2657017409801483,0.28813499212265015,0.44616326689720154
0.009029687382280827,0.14741362631320953,0.8435567021369934,0.2315080314874649,0.2795248031616211,0.48896709084510803
0.03197146952152252,0.037782128900289536,0.9302463531494141,0.2067977339029312,0.18627963960170746,0.6069226264953613
0.003587577259168029,0.9793137907981873,0.017098667100071907,0.27090156078338623,0.44100674986839294,0.2880917489528656
0.019334102049469948,0.9592649340629578,0.021400900557637215,0.28527775406837463,0.45331987738609314,0.2614023685455322
0.0025393040850758553,0.03697698935866356,0.9604836702346802,0.24608534574508667,0.2587466537952423,0.4951680302619934
0.039267707616090775,0.023197287693619728,0.9375350475311279,0.2609293758869171,0.26212653517723083,0.4769440293312073
0.009991895407438278,0.13510094583034515,0.854907214641571,0.20263870060443878,0.25157299637794495,0.5457882881164551
0.011219573207199574,0.9386264681816101,0.05015389993786812,0.3178130090236664,0.3783348500728607,0.3038522005081177
0.015099686570465565,0.04062648490071297,0.9442738890647888,0.25281110405921936,0.23484179377555847,0.5123471617698669
0.04440874606370926,0.5861141681671143,0.3694770932197571,0.29751384258270264,0.35051417350769043,0.35197198390960693
0.015363883227109909,0.1498824805021286,0.8347536325454712,0.28056177496910095,0.2874738276004791,0.43196436762809753
0.016946204006671906,0.07394418120384216,0.9091097116470337,0.2635335922241211,0.2727634012699127,0.4637030065059662
0.03943923860788345,0.08799248933792114,0.8725683093070984,0.25763940811157227,0.2584603726863861,0.48390018939971924
0.0073241801001131535,0.9398059248924255,0.05286995694041252,0.27578452229499817,0.42206400632858276,0.30215147137641907
0.022191962227225304,0.9399474263191223,0.03786056116223335,0.28407764434814453,0.4437096118927002,0.2722127437591553
0.007306384854018688,0.05791371688246727,0.9347798824310303,0.22038212418556213,0.2343665510416031,0.5452512502670288
0.010533863678574562,0.04953555762767792,0.9399306178092957,0.2412358522415161,0.262691468000412,0.4960726201534271
0.019672468304634094,0.9169170260429382,0.06341055035591125,0.26469457149505615,0.444417804479599,0.29088759422302246
0.006410567089915276,0.04403345286846161,0.9495560526847839,0.23773084580898285,0.2536817491054535,0.5085874199867249
0.018440455198287964,0.052225057035684586,0.9293344616889954,0.26950162649154663,0.26805800199508667,0.4624404013156891
0.011149740777909756,0.056065939366817474,0.9327842593193054,0.280097097158432,0.2806446850299835,0.4392582178115845
0.013136211782693863,0.9529404640197754,0.03392333909869194,0.3015284836292267,0.4197053611278534,0.2787661552429199
0.017610736191272736,0.9121225476264954,0.07026668637990952,0.3218036890029907,0.37030336260795593,0.30789297819137573
0.016357673332095146,0.16248659789562225,0.8211557269096375,0.2555398643016815,0.26558971405029297,0.4788704812526703
0.015800416469573975,0.9373382329940796,0.04686141014099121,0.2748446464538574,0.4353572428226471,0.28979814052581787
0.052237652242183685,0.6413760781288147,0.30638623237609863,0.27173346281051636,0.3881015181541443,0.34016507863998413
0.020597532391548157,0.9107183814048767,0.06868404895067215,0.2747180461883545,0.4268963038921356,0.2983856797218323
0.012127791531383991,0.9347004890441895,0.053171735256910324,0.25724732875823975,0.45253145694732666,0.2902212142944336
0.021945171058177948,0.07097836583852768,0.9070764780044556,0.24855086207389832,0.30195820331573486,0.4494909644126892
0.005455285310745239,0.0571829229593277,0.9373617768287659,0.2388463318347931,0.23870059847831726,0.5224530696868896
0.004720871802419424,0.031990714371204376,0.9632883667945862,0.238058939576149,0.24513646960258484,0.5168045163154602
0.0053053502924740314,0.050477284938097,0.944217324256897,0.2867526412010193,0.24375028908252716,0.4694969952106476
0.005730222444981337,0.052918143570423126,0.9413517117500305,0.23564156889915466,0.2687827944755554,0.4955756366252899
0.017904480919241905,0.11349182575941086,0.8686037063598633,0.266652911901474,0.3087945878505707,0.4245525002479553
0.009747808799147606,0.03403981402516365,0.9562123417854309,0.22078953683376312,0.2656087279319763,0.5136017203330994
0.014556242153048515,0.07248404622077942,0.9129596948623657,0.23219457268714905,0.26323941349983215,0.5045660138130188
0.006139201577752829,0.04271867498755455,0.9511420726776123,0.23144616186618805,0.2480631172657013,0.5204907059669495
0.009300137870013714,0.09953531622886658,0.8911646008491516,0.24133701622486115,0.24537703394889832,0.5132859349250793
0.0030989553779363632,0.04020380973815918,0.9566971659660339,0.17773933708667755,0.22711020708084106,0.5951504707336426
0.041589587926864624,0.007318629417568445,0.9510918259620667,0.25331589579582214,0.2665504515171051,0.48013365268707275
0.004852063488215208,0.12483122199773788,0.8703166842460632,0.22067314386367798,0.28739073872566223,0.4919361174106598
0.0350746251642704,0.0068053388968110085,0.9581199884414673,0.26187700033187866,0.27965277433395386,0.45847025513648987
0.004759358242154121,0.0391552597284317,0.9560853838920593,0.20264486968517303,0.23165380954742432,0.5657013654708862
0.006114456802606583,0.05211155116558075,0.9417740106582642,0.2276839315891266,0.23966161906719208,0.5326544642448425
0.00487395329400897,0.04614410176873207,0.9489818811416626,0.2624618709087372,0.25964418053627014,0.47789403796195984
0.004502225201576948,0.02043536677956581,0.975062370300293,0.25336989760398865,0.24383452534675598,0.5027955770492554
0.005257060751318932,0.07900673151016235,0.915736198425293,0.23965786397457123,0.21859756112098694,0.541744589805603
0.0034024210181087255,0.025152960792183876,0.9714445471763611,0.22669433057308197,0.25160253047943115,0.5217030644416809
0.0029847014229744673,0.05557960271835327,0.941435694694519,0.21611103415489197,0.23216484487056732,0.5517241358757019
0.0027346413116902113,0.03312719240784645,0.9641382098197937,0.18607144057750702,0.1917905956506729,0.6221380233764648
0.04712411016225815,0.010052917525172234,0.9428229928016663,0.22046123445034027,0.23115421831607819,0.5483844876289368
0.0037655550986528397,0.03061458095908165,0.9656199812889099,0.23313799500465393,0.2490542083978653,0.5178077816963196
0.0035351982805877924,0.018164847046136856,0.9782999753952026,0.2292402982711792,0.2522634267807007,0.5184962749481201
0.003794488962739706,0.11885279417037964,0.8773527145385742,0.24138517677783966,0.2532166540622711,0.505398154258728
0.0014650305965915322,0.04292960837483406,0.9556052684783936,0.20910553634166718,0.2261522114276886,0.5647422075271606
0.004752954002469778,0.02730465866625309,0.9679424166679382,0.26808083057403564,0.2413644641637802,0.4905546307563782
0.012100756168365479,0.01147916354238987,0.9764200448989868,0.2934013307094574,0.23968654870986938,0.46691209077835083
0.009083337150514126,0.05803556367754936,0.9328810572624207,0.26140421628952026,0.2757105529308319,0.46288517117500305
0.002557873260229826,0.01853017881512642,0.9789119958877563,0.2541804015636444,0.24964475631713867,0.4961749017238617
0.004491398576647043,0.05547642335295677,0.9400322437286377,0.22285762429237366,0.2975721061229706,0.47957029938697815
0.013070797547698021,0.05798165127635002,0.9289476275444031,0.27752605080604553,0.27925920486450195,0.4432147741317749
0.16933779418468475,0.08667159080505371,0.7439906597137451,0.31495025753974915,0.29370930790901184,0.3913404047489166
0.006199812050908804,0.04445825517177582,0.949341893196106,0.272141695022583,0.2840207815170288,0.4438375234603882
0.01350153237581253,0.05190851539373398,0.9345899224281311,0.2537738084793091,0.2743948996067047,0.4718313217163086
0.006787572521716356,0.056077051907777786,0.9371353983879089,0.20866574347019196,0.264180988073349,0.5271532535552979
0.01660064421594143,0.12275297194719315,0.8606464266777039,0.30089566111564636,0.32374125719070435,0.3753631114959717
0.010271579027175903,0.08564665913581848,0.9040817022323608,0.2233554571866989,0.19047552347183228,0.5861690044403076
0.00929044559597969,0.008190786466002464,0.9825186729431152,0.2204209864139557,0.2467995434999466,0.5327795147895813
0.0073999036103487015,0.019610721617937088,0.9729894399642944,0.23654495179653168,0.25560998916625977,0.5078450441360474
0.0038816938176751137,0.05552959442138672,0.940588653087616,0.28588998317718506,0.2952893078327179,0.41882070899009705
0.007002926431596279,0.030838068574666977,0.9621589779853821,0.21383339166641235,0.23918989300727844,0.5469766855239868
0.005035038106143475,0.0811820849776268,0.9137828350067139,0.23512709140777588,0.20876291394233704,0.5561099648475647
0.1758226454257965,0.01908251643180847,0.8050948977470398,0.2689414918422699,0.2698870003223419,0.4611715078353882
0.008393554016947746,0.10133489966392517,0.8902716040611267,0.23946993052959442,0.2434787005186081,0.5170513391494751
0.002551040379330516,0.028749501332640648,0.9686994552612305,0.22554458677768707,0.22313472628593445,0.5513206720352173
0.0024494247045367956,0.047238241881132126,0.9503122568130493,0.1951795220375061,0.20795781910419464,0.5968626737594604
0.015238472260534763,0.3063719570636749,0.6783895492553711,0.24822573363780975,0.23976768553256989,0.5120065808296204
0.008445522747933865,0.024871300905942917,0.9666832089424133,0.2232365906238556,0.20374365150928497,0.5730197429656982
0.004007393028587103,0.04743945971131325,0.9485530853271484,0.21007387340068817,0.23194408416748047,0.5579820871353149
0.006100281607359648,0.017833681777119637,0.976065993309021,0.20478403568267822,0.22507606446743011,0.5701398849487305
0.006892027799040079,0.09219180047512054,0.9009161591529846,0.2782564163208008,0.24818222224712372,0.47356128692626953
0.018375763669610023,0.03266250342130661,0.9489617347717285,0.2417004257440567,0.23690982162952423,0.5213897824287415
0.0019696098752319813,0.037689197808504105,0.9603411555290222,0.20543219149112701,0.24641099572181702,0.5481567978858948
0.012730595655739307,0.06825204938650131,0.9190174341201782,0.2434522956609726,0.21589751541614532,0.5406502485275269
0.004428718704730272,0.035491280257701874,0.9600799083709717,0.21557220816612244,0.23568923771381378,0.5487385392189026
0.009700496681034565,0.03593628108501434,0.9543631672859192,0.2309543490409851,0.26125869154930115,0.5077868700027466
0.007673462387174368,0.0931856781244278,0.8991408944129944,0.20686990022659302,0.25510743260383606,0.5380226373672485
0.010465435683727264,0.06116535887122154,0.9283692240715027,0.3125742971897125,0.20742028951644897,0.4800054132938385
0.006464384496212006,0.05818895623087883,0.9353466629981995,0.21331065893173218,0.24018321931362152,0.5465061664581299
0.09292490780353546,0.004961043130606413,0.9021140336990356,0.26783689856529236,0.2709403336048126,0.46122270822525024
0.0054314760491251945,0.04103008657693863,0.9535383582115173,0.19165270030498505,0.21018120646476746,0.5981660485267639
0.002869698219001293,0.020327413454651833,0.9768029451370239,0.21873624622821808,0.21886979043483734,0.5623939037322998
0.00429969746619463,0.03400187939405441,0.9616984724998474,0.22676068544387817,0.24267993867397308,0.5305593609809875
0.0023076054640114307,0.029652759432792664,0.9680395722389221,0.2421327531337738,0.2190961241722107,0.5387710928916931
0.01583028957247734,0.00955478847026825,0.9746149182319641,0.2206939309835434,0.22758835554122925,0.5517176985740662
0.004808015190064907,0.06814593821763992,0.9270459413528442,0.22177085280418396,0.2224724441766739,0.555756688117981
0.006892238277941942,0.015142499469220638,0.9779651761054993,0.2583431303501129,0.25519314408302307,0.4864636957645416
0.00830986350774765,0.03960544243454933,0.9520847201347351,0.23497743904590607,0.22187550365924835,0.5431470274925232
0.0053106145933270454,0.027121391147375107,0.9675679206848145,0.17969189584255219,0.2030715048313141,0.6172366142272949
0.003392189508304,0.02429390884935856,0.9723138809204102,0.263645201921463,0.27671125531196594,0.4596436023712158
0.006726785562932491,0.057246312499046326,0.936026930809021,0.26196640729904175,0.2858932912349701,0.45214036107063293
0.014774475246667862,0.050398021936416626,0.9348275065422058,0.27206185460090637,0.2830376923084259,0.4449004530906677
0.003936953842639923,0.04580330103635788,0.9502597451210022,0.2687721848487854,0.28292861580848694,0.4482991695404053
0.014878062531352043,0.06104619801044464,0.924075722694397,0.2648429572582245,0.29080209136009216,0.44435492157936096
0.0060670082457363605,0.05397573485970497,0.9399572610855103,0.2571037709712982,0.2582045793533325,0.48469164967536926
0.007471121847629547,0.03573857992887497,0.9567902684211731,0.26944950222969055,0.21810033917427063,0.512450098991394
0.004760328680276871,0.12623544037342072,0.8690041899681091,0.26959100365638733,0.27778396010398865,0.45262500643730164
0.0067109400406479836,0.0194187480956316,0.9738702774047852,0.1973961889743805,0.24297934770584106,0.5596244931221008
0.0029671851079910994,0.023839741945266724,0.9731930494308472,0.2335970550775528,0.22605101764202118,0.540351927280426
0.08454912155866623,0.034428857266902924,0.881022036075592,0.27523356676101685,0.20131602883338928,0.5234504342079163
0.039411578327417374,0.007363750599324703,0.9532247185707092,0.2917707860469818,0.28021886944770813,0.4280102849006653
0.004414965398609638,0.032862238585948944,0.962722897529602,0.20544829964637756,0.23280343413352966,0.5617482662200928
0.022537903860211372,0.03674374520778656,0.9407182931900024,0.26404646039009094,0.2686050832271576,0.46734848618507385
0.009432634338736534,0.05892513692378998,0.9316422939300537,0.20247498154640198,0.23188379406929016,0.5656412839889526
0.025077134370803833,0.04305523261427879,0.9318675994873047,0.2580615282058716,0.2550550103187561,0.4868834316730499
0.010339779779314995,0.02371426299214363,0.9659459590911865,0.25333964824676514,0.2332734763622284,0.5133869051933289
0.00917903520166874,0.04071791470050812,0.9501030445098877,0.24556875228881836,0.2485847920179367,0.5058465003967285
0.011395575478672981,0.08068571984767914,0.9079187512397766,0.20875094830989838,0.23991918563842773,0.5513299107551575
0.008943679742515087,0.030315233394503593,0.9607411026954651,0.27320924401283264,0.29765385389328003,0.4291369318962097
0.026221809908747673,0.014481059275567532,0.9592971205711365,0.24601681530475616,0.28632667660713196,0.4676564335823059
0.004843812435865402,0.04835156351327896,0.9468045830726624,0.24320517480373383,0.22696208953857422,0.5298327207565308
0.008160586468875408,0.07762421667575836,0.9142152667045593,0.2800714671611786,0.28017404675483704,0.43975454568862915
0.03630233556032181,0.026990782469511032,0.9367068409919739,0.2803158462047577,0.25757792592048645,0.46210628747940063
0.11421464383602142,0.10240635275840759,0.783379077911377,0.3101126551628113,0.2948658764362335,0.3950214385986328
0.04942282289266586,0.01026392076164484,0.9403132796287537,0.24752043187618256,0.2533283531665802,0.49915122985839844
0.009061302989721298,0.029841721057891846,0.9610970616340637,0.22993674874305725,0.2610459327697754,0.509017288684845
0.004260357469320297,0.05025583133101463,0.9454838633537292,0.226698100566864,0.22280238568782806,0.5504995584487915
0.009319719858467579,0.020346203818917274,0.9703340530395508,0.19545084238052368,0.23483598232269287,0.5697131752967834
0.005617303773760796,0.1034596711397171,0.890923023223877,0.24217413365840912,0.25419941544532776,0.5036264061927795
0.004520171321928501,0.03452739492058754,0.9609524011611938,0.2338503897190094,0.21749742329120636,0.5486522316932678
0.008297838270664215,0.10467991232872009,0.8870223164558411,0.246269091963768,0.25112634897232056,0.502604603767395
0.005662871524691582,0.04939981549978256,0.9449372887611389,0.2149944305419922,0.25902432203292847,0.5259811878204346
0.007793850265443325,0.03886229544878006,0.9533438682556152,0.22514741122722626,0.21583601832389832,0.5590165853500366
0.02128283679485321,0.10586332529783249,0.8728538155555725,0.2816255986690521,0.2695586085319519,0.4488157629966736
0.004441366530954838,0.045810773968696594,0.9497478604316711,0.22134827077388763,0.23427602648735046,0.5443757176399231
0.008573926985263824,0.046719446778297424,0.9447065591812134,0.22077064216136932,0.24128808081150055,0.5379412770271301
0.005942601710557938,0.07337437570095062,0.9206830263137817,0.29005807638168335,0.30472126603126526,0.4052206575870514
0.0036860674154013395,0.02107248827815056,0.975241482257843,0.23820309340953827,0.2307334840297699,0.5310633778572083
0.004909037612378597,0.0411430224776268,0.9539479613304138,0.21961857378482819,0.24167536199092865,0.5387060642242432
0.006806979421526194,0.004420743323862553,0.9887723326683044,0.26810500025749207,0.2563903033733368,0.47550466656684875
0.002198966918513179,0.031065242365002632,0.9667357802391052,0.27127155661582947,0.26434144377708435,0.4643869698047638
0.02484915964305401,0.06784450262784958,0.9073063731193542,0.25514939427375793,0.3032379150390625,0.44161269068717957
0.05432286486029625,0.007609283551573753,0.9380677342414856,0.2721914052963257,0.2714448571205139,0.4563637375831604
0.06011884659528732,0.009285030886530876,0.9305961728096008,0.2642990052700043,0.25113600492477417,0.48456504940986633
0.003781082108616829,0.06193917244672775,0.93427973985672,0.22857128083705902,0.26071810722351074,0.5107106566429138
0.002379115903750062,0.03406043350696564,0.9635604619979858,0.21021388471126556,0.23282760381698608,0.5569584965705872
0.005867632105946541,0.023595422506332397,0.9705370664596558,0.20111685991287231,0.2346992790699005,0.5641838908195496
0.004025286063551903,0.04318619146943092,0.9527884721755981,0.25794240832328796,0.2221432477235794,0.5199143886566162
0.013612390495836735,0.06505215913057327,0.9213354587554932,0.21920913457870483,0.26986852288246155,0.5109223127365112
0.0032416374888271093,0.07842272520065308,0.9183356761932373,0.2190326303243637,0.2584775984287262,0.5224897861480713
0.006400297395884991,0.01451514009386301,0.9790844917297363,0.2600795030593872,0.2559223771095276,0.48399817943573
0.013422554358839989,0.1389472931623459,0.8476301431655884,0.2632540762424469,0.3066689074039459,0.43007704615592957
0.002473861211910844,0.02641935460269451,0.9711068272590637,0.2417159378528595,0.23623190820217133,0.5220521092414856
0.004393001552671194,0.04326992109417915,0.9523369669914246,0.25310614705085754,0.2352307140827179,0.5116630792617798
0.15596507489681244,0.08076312392950058,0.7632718682289124,0.29393303394317627,0.2630942165851593,0.44297274947166443
0.00266021559946239,0.05392987281084061,0.9434099793434143,0.22352147102355957,0.2514711320400238,0.5250073075294495
0.00515765743330121,0.06609014421701431,0.9287521243095398,0.2174147516489029,0.23296034336090088,0.5496249198913574
0.016362380236387253,0.03452096879482269,0.9491166472434998,0.2148495316505432,0.24922220408916473,0.5359283089637756
0.004299369174987078,0.015109207481145859,0.980591356754303,0.2277374416589737,0.24379032850265503,0.5284721851348877
0.009895408526062965,0.04004565626382828,0.9500589370727539,0.2507345974445343,0.25159305334091187,0.49767228960990906
0.007642395328730345,0.028806913644075394,0.9635507464408875,0.25332650542259216,0.27863261103630066,0.4680408537387848
0.016915256157517433,0.09492333233356476,0.8881614208221436,0.30919596552848816,0.318388432264328,0.37241557240486145
0.0028606329578906298,0.019611021503806114,0.9775283932685852,0.2652800679206848,0.2846734821796417,0.4500463902950287
0.0019698068499565125,0.020560968667268753,0.9774691462516785,0.24243691563606262,0.22165940701961517,0.5359036922454834
0.04372824728488922,0.026782801374793053,0.9294889569282532,0.2519793212413788,0.19784875214099884,0.5501719117164612
0.00828967522829771,0.04656462371349335,0.9451456665992737,0.20225882530212402,0.2020799070596695,0.5956612229347229
0.023297501727938652,0.14005668461322784,0.836645781993866,0.24127447605133057,0.2573374807834625,0.5013880729675293
0.007677190937101841,0.017745720222592354,0.9745770692825317,0.22742754220962524,0.24197715520858765,0.5305953025817871
0.005036422051489353,0.021028846502304077,0.9739347100257874,0.26573801040649414,0.2686735689640045,0.46558836102485657
0.0045272475108504295,0.023570986464619637,0.9719018340110779,0.2574616074562073,0.24432578682899475,0.498212605714798
0.0062800501473248005,0.03957502916455269,0.9541448950767517,0.2638401389122009,0.25823214650154114,0.4779277443885803
0.013965491205453873,0.08408529311418533,0.9019491672515869,0.22341793775558472,0.2207072377204895,0.5558748245239258
0.0038639481645077467,0.030126357451081276,0.9660096764564514,0.23462700843811035,0.2487550675868988,0.5166179537773132
0.021140936762094498,0.02288113720715046,0.9559778571128845,0.2560601234436035,0.26069241762161255,0.48324742913246155
0.0035429943818598986,0.02742236666381359,0.9690346121788025,0.24254633486270905,0.22729559242725372,0.5301580429077148
0.021573221310973167,0.0717971920967102,0.9066295623779297,0.2158169448375702,0.355974018573761,0.42820894718170166
0.018391985446214676,0.0447055920958519,0.9369024038314819,0.23273611068725586,0.23634345829486847,0.5309204459190369
0.003659479785710573,0.04314407333731651,0.9531964063644409,0.20157678425312042,0.2404913604259491,0.5579318404197693
0.012559664435684681,0.0288618803024292,0.9585784077644348,0.22535866498947144,0.2282995730638504,0.5463417172431946
0.002113704103976488,0.08304149657487869,0.9148448705673218,0.22398492693901062,0.24883833527565002,0.5271766781806946
0.016836805269122124,0.06030688434839249,0.922856330871582,0.22670945525169373,0.2563863694667816,0.5169041752815247
0.03774102032184601,0.0109886284917593,0.9512704014778137,0.2332693487405777,0.21629264950752258,0.5504379868507385
0.004155714996159077,0.02174251526594162,0.9741016626358032,0.22787371277809143,0.25973212718963623,0.5123941898345947
0.004913208074867725,0.038461826741695404,0.9566249847412109,0.21791476011276245,0.23143166303634644,0.5506535768508911
0.0029137604869902134,0.0244681965559721,0.9726179242134094,0.22785420715808868,0.20350056886672974,0.568645179271698
0.012325691990554333,0.024644577875733376,0.963029682636261,0.23600269854068756,0.2524378299713135,0.5115594863891602
0.004595952574163675,0.04655081778764725,0.9488531947135925,0.24052771925926208,0.2550850212574005,0.5043872594833374
0.21946196258068085,0.14705230295658112,0.633485734462738,0.32215142250061035,0.32513415813446045,0.3527144491672516
0.20012150704860687,0.1638936549425125,0.6359848976135254,0.3435325026512146,0.2963605225086212,0.360106885433197
0.2227514237165451,0.1446996033191681,0.6325489282608032,0.3333272933959961,0.29672086238861084,0.36995184421539307
0.1845761239528656,0.11833053827285767,0.6970934271812439,0.29262009263038635,0.2906443178653717,0.41673552989959717
0.20001643896102905,0.11469165980815887,0.6852919459342957,0.31134653091430664,0.321568101644516,0.36708542704582214
0.21258947253227234,0.026876375079154968,0.7605342268943787,0.3663276135921478,0.2757433354854584,0.3579290211200714
0.015959758311510086,0.015743041411042213,0.9682972431182861,0.2338765263557434,0.21767780184745789,0.5484456419944763
0.18084858357906342,0.01140984520316124,0.8077415823936462,0.3083045482635498,0.2530246376991272,0.438670814037323
0.05542462319135666,0.013752561993896961,0.9308227300643921,0.25017714500427246,0.24629849195480347,0.5035243630409241
0.1387462466955185,0.02389366924762726,0.8373600840568542,0.28462478518486023,0.3105453848838806,0.40482980012893677
0.03235331550240517,0.0022003273479640484,0.9654463529586792,0.2611478865146637,0.25540998578071594,0.483442097902298
0.04718315228819847,0.0009440422290936112,0.9518727660179138,0.2858022451400757,0.28510531783103943,0.4290923476219177
0.21277622878551483,0.014600296504795551,0.7726234793663025,0.3043786883354187,0.2813839912414551,0.4142373204231262
0.048674724996089935,0.010431986302137375,0.9408933520317078,0.23533764481544495,0.21453909575939178,0.5501232743263245
0.03308996185660362,0.006819336209446192,0.960090696811676,0.27874955534935,0.2614457607269287,0.4598047435283661
0.14844241738319397,0.013034242205321789,0.838523268699646,0.2792567312717438,0.3066660761833191,0.4140772223472595
0.022504769265651703,0.010233240202069283,0.9672620296478271,0.22264982759952545,0.22504070401191711,0.5523094534873962
0.1603248417377472,0.005763346329331398,0.8339118957519531,0.30086591839790344,0.29368120431900024,0.4054528474807739
0.05632685124874115,0.002075890311971307,0.9415972232818604,0.2884311079978943,0.2786881923675537,0.432880699634552
0.17521169781684875,0.029705634340643883,0.795082688331604,0.3525172472000122,0.3151084780693054,0.3323742747306824
0.1121593788266182,0.02796642854809761,0.8598741292953491,0.25867509841918945,0.24873505532741547,0.4925898313522339
0.18068741261959076,0.014651776291429996,0.8046608567237854,0.31399741768836975,0.2654796242713928,0.42052292823791504
0.1840313822031021,0.0047766477800905704,0.8111919164657593,0.2747630476951599,0.27493080496788025,0.45030614733695984
0.12170270085334778,0.02198854461312294,0.8563087582588196,0.3375500738620758,0.31655749678611755,0.34589245915412903
0.19731199741363525,0.012333576567471027,0.7903544306755066,0.3088533282279968,0.28763705492019653,0.40350964665412903
0.21629463136196136,0.022841855883598328,0.7608635425567627,0.34362342953681946,0.2821226119995117,0.37425389885902405
0.17979861795902252,0.08361667394638062,0.7365846633911133,0.3169780969619751,0.3161279857158661,0.3668939769268036
0.14554700255393982,0.01974579319357872,0.8347073197364807,0.30187609791755676,0.3004423677921295,0.39768150448799133
0.017587685957551003,0.012260211631655693,0.9701521992683411,0.28959420323371887,0.28157657384872437,0.42882922291755676
0.14678283035755157,0.04446125775575638,0.8087559342384338,0.3131161630153656,0.32059043645858765,0.36629340052604675
0.0673571303486824,0.00891550537198782,0.9237273335456848,0.2714511454105377,0.2670837342739105,0.46146517992019653
0.09371726959943771,0.02066563442349434,0.8856170177459717,0.2931482791900635,0.28698742389678955,0.419864296913147
0.23534183204174042,0.03975432738661766,0.7249038815498352,0.310606986284256,0.3002798557281494,0.3891131579875946
0.10930713266134262,0.010966502130031586,0.8797263503074646,0.2615582048892975,0.2539445161819458,0.4844973385334015
0.22694551944732666,0.016472017392516136,0.7565824389457703,0.28295865654945374,0.25967729091644287,0.457364022731781
0.08964769542217255,0.004500498995184898,0.9058517813682556,0.2820625305175781,0.26588043570518494,0.4520570635795593
0.028815340250730515,0.07564079016447067,0.8955438733100891,0.22157274186611176,0.2938767671585083,0.48455050587654114
0.14656798541545868,0.05319530516862869,0.8002367615699768,0.3314177691936493,0.3073355555534363,0.3612467646598816
0.07534269988536835,0.008586334995925426,0.9160709977149963,0.275306761264801,0.23977169394493103,0.48492151498794556
0.07121532410383224,0.005250305403023958,0.9235343933105469,0.2735077440738678,0.25865575671195984,0.46783649921417236
0.22598473727703094,0.006901218090206385,0.767113983631134,0.2649112343788147,0.2649759352207184,0.4701128304004669
0.06204279139637947,0.03378153219819069,0.9041756391525269,0.29958921670913696,0.2842692732810974,0.416141539812088
0.05454300343990326,0.015242490917444229,0.9302144646644592,0.26684921979904175,0.2598733603954315,0.4732774496078491
0.009352020919322968,0.01695086807012558,0.9736971259117126,0.248995840549469,0.2767595648765564,0.474244624376297
0.2166864275932312,0.0029957701917737722,0.7803178429603577,0.2901501953601837,0.27825239300727844,0.4315974712371826
0.06283923983573914,0.011318146251142025,0.9258425831794739,0.24845868349075317,0.24155046045780182,0.5099908709526062
0.1590985357761383,0.010534757748246193,0.8303667306900024,0.30698132514953613,0.272502064704895,0.4205166697502136
0.23029816150665283,0.01051653828471899,0.7591853737831116,0.304924875497818,0.26548177003860474,0.4295932948589325
0.1457211673259735,0.01918458752334118,0.8350942730903625,0.31448596715927124,0.27209848165512085,0.4134155213832855
0.02955724485218525,0.0108073391020298,0.9596354365348816,0.28396356105804443,0.26381221413612366,0.45222416520118713
0.36010441184043884,0.03565516695380211,0.6042404174804688,0.3359544575214386,0.25860920548439026,0.40543636679649353
0.09265845268964767,0.0029697876889258623,0.9043717980384827,0.30902522802352905,0.2873144745826721,0.4036603271961212
0.14883850514888763,0.00875700544565916,0.8424044847488403,0.32791683077812195,0.29122835397720337,0.3808547854423523
0.08331675827503204,0.004168401006609201,0.9125149250030518,0.2831038534641266,0.2953172028064728,0.421578973531723
0.1050507053732872,0.025936191901564598,0.8690130114555359,0.29390525817871094,0.27650314569473267,0.4295916259288788
0.016313161700963974,0.006910801865160465,0.976776123046875,0.2421901822090149,0.27077698707580566,0.4870328903198242
0.04131563752889633,0.0158162172883749,0.9428682327270508,0.2617306113243103,0.24737845361232758,0.4908909797668457
0.044522471725940704,0.0036613252013921738,0.9518162608146667,0.24045883119106293,0.22658060491085052,0.5329605340957642
0.03839534893631935,0.007216033525764942,0.9543886780738831,0.29408347606658936,0.2749873399734497,0.43092918395996094
0.07190099358558655,0.01236705668270588,0.9157319068908691,0.31803274154663086,0.27868279814720154,0.4032844305038452
0.04791175201535225,0.012735707685351372,0.9393525719642639,0.255001962184906,0.24979521334171295,0.4952028691768646
0.06750082224607468,0.01658019796013832,0.9159190058708191,0.29258161783218384,0.30535292625427246,0.4020653963088989
0.21487662196159363,0.014339711517095566,0.7707836627960205,0.32497328519821167,0.2721184492111206,0.40290823578834534
0.045624468475580215,0.00438219029456377,0.9499933123588562,0.3070812225341797,0.2927025258541107,0.4002161920070648
0.18837453424930573,0.009973738342523575,0.8016517162322998,0.2990054488182068,0.26801037788391113,0.4329841136932373
0.12897734344005585,0.01297792699187994,0.8580446839332581,0.28406399488449097,0.26080307364463806,0.4551328420639038
0.05939607322216034,0.01714654266834259,0.9234573245048523,0.27757784724235535,0.2893407940864563,0.43308132886886597
0.26794198155403137,0.05184156447649002,0.6802164316177368,0.2858784794807434,0.31195130944252014,0.40217021107673645
0.054264768958091736,0.008970974013209343,0.9367642998695374,0.3217434883117676,0.27237769961357117,0.4058787524700165
0.1292652040719986,0.00529906339943409,0.8654358386993408,0.2640835642814636,0.24805325269699097,0.4878632128238678
0.15840774774551392,0.06660288572311401,0.7749894261360168,0.3206103444099426,0.25569865107536316,0.4236910343170166
0.05280193313956261,0.0032296006102114916,0.9439684748649597,0.280300498008728,0.26870816946029663,0.45099136233329773
0.04326144605875015,0.004907718859612942,0.9518308639526367,0.29857882857322693,0.2606079578399658,0.440813273191452
0.21124446392059326,0.014544817619025707,0.7742106914520264,0.3194948732852936,0.30234402418136597,0.37816110253334045
0.2166685312986374,0.09589406847953796,0.6874374151229858,0.3420696258544922,0.30051499605178833,0.3574153780937195
0.1604803055524826,0.01371785905212164,0.8258017897605896,0.285240113735199,0.27351027727127075,0.4412495791912079
0.017814593389630318,0.004780706483870745,0.9774047136306763,0.23999199271202087,0.25528308749198914,0.5047249794006348
0.41174235939979553,0.05019450932741165,0.5380631685256958,0.333861380815506,0.2990157902240753,0.3671228885650635
0.08849076926708221,0.007028260733932257,0.9044808745384216,0.3161185681819916,0.276233047246933,0.4076484143733978
0.20246358215808868,0.03586805239319801,0.76166832447052,0.34565529227256775,0.27360278367996216,0.3807418942451477
0.0570666529238224,0.005248107016086578,0.9376852512359619,0.30087965726852417,0.28240886330604553,0.4167114496231079
0.28883036971092224,0.016607966274023056,0.6945616602897644,0.31277602910995483,0.2658751904964447,0.42134881019592285
0.05531850457191467,0.03026766888797283,0.9144138693809509,0.29317739605903625,0.29089584946632385,0.4159267842769623
0.010909209959208965,0.008991214446723461,0.980099618434906,0.2510712444782257,0.25143927335739136,0.4974895417690277
0.08327685296535492,0.023841019719839096,0.8928821086883545,0.29273831844329834,0.27059003710746765,0.436671644449234
0.05782279744744301,0.0047400156036019325,0.9374371767044067,0.2562302350997925,0.2455434501171112,0.4982263445854187
0.12942785024642944,0.04463634639978409,0.8259359002113342,0.30874398350715637,0.30177611112594604,0.3894799053668976
0.08426842838525772,0.018126705661416054,0.8976049423217773,0.32799074053764343,0.3314521014690399,0.34055715799331665
0.07044608891010284,0.003419372718781233,0.9261346459388733,0.2551692724227905,0.2593616843223572,0.48546910285949707
0.08657150715589523,0.002479944843798876,0.9109485149383545,0.3042230010032654,0.29314038157463074,0.4026365876197815
0.17510929703712463,0.014006637036800385,0.8108840584754944,0.3009185791015625,0.26330024003982544,0.4357811212539673
0.07525844126939774,0.002968384651467204,0.9217731952667236,0.28892478346824646,0.267007976770401,0.44406723976135254
0.13115912675857544,0.018780285492539406,0.8500607013702393,0.32118403911590576,0.3088419735431671,0.3699740171432495
0.1899920403957367,0.011282487772405148,0.7987254858016968,0.30143412947654724,0.2822824716567993,0.4162834584712982
0.13575410842895508,0.0037362100556492805,0.8605096936225891,0.2889396548271179,0.289010226726532,0.4220501482486725
0.15097051858901978,0.10972669720649719,0.7393028140068054,0.3297140300273895,0.3477376699447632,0.32254835963249207
0.03454996272921562,0.014607962220907211,0.950842022895813,0.2653437554836273,0.2748381793498993,0.4598180651664734
0.06852990388870239,0.010413465090095997,0.9210566282272339,0.27748310565948486,0.2553175389766693,0.4671993851661682
0.1454470008611679,0.010998737066984177,0.8435542583465576,0.30610397458076477,0.27748870849609375,0.41640737652778625
0.09533331543207169,0.0069890329614281654,0.8976776003837585,0.2952253818511963,0.2698722779750824,0.4349023699760437
0.04768698662519455,0.0053209406323730946,0.946992039680481,0.24864111840724945,0.24453242123126984,0.5068265199661255
0.08119083195924759,0.009712261147797108,0.909096896648407,0.2824155390262604,0.2578337788581848,0.45975062251091003
0.14694079756736755,0.010769828222692013,0.8422893285751343,0.27900415658950806,0.277103453874588,0.4438924193382263
0.19476377964019775,0.007757366169244051,0.7974789142608643,0.2979920506477356,0.25634488463401794,0.44566306471824646
0.15688827633857727,0.021677741780877113,0.8214340209960938,0.28255173563957214,0.2614731788635254,0.45597511529922485
0.10771895200014114,0.02737143263220787,0.8649095296859741,0.30420830845832825,0.2798994183540344,0.41589227318763733
0.0767953097820282,0.00998764205724001,0.9132170081138611,0.26963359117507935,0.26311442255973816,0.4672520160675049
0.13227678835391998,0.023710129782557487,0.8440130949020386,0.3180268406867981,0.3133257031440735,0.3686474859714508
0.15190069377422333,0.004168365150690079,0.8439309597015381,0.28609588742256165,0.26715126633644104,0.4467529058456421
0.20085322856903076,0.006306854076683521,0.7928399443626404,0.2972620725631714,0.280036985874176,0.4227009117603302
0.1200902909040451,0.005032317712903023,0.874877393245697,0.3087761700153351,0.27419573068618774,0.41702815890312195
0.027725953608751297,0.004516754765063524,0.9677572846412659,0.2593183219432831,0.26488521695137024,0.4757963716983795
0.16526322066783905,0.008472591638565063,0.8262641429901123,0.25529026985168457,0.22328051924705505,0.521429181098938
0.017100537195801735,0.012996705248951912,0.9699028134346008,0.2565840780735016,0.2541216015815735,0.4892943501472473
0.09794973582029343,0.0035176542587578297,0.8985326290130615,0.3042406439781189,0.2892472445964813,0.40651217103004456
0.1454075425863266,0.026264982298016548,0.828327476978302,0.329285591840744,0.24606718122959137,0.4246472716331482
0.2826971411705017,0.012133115902543068,0.7051697969436646,0.3037334680557251,0.28416678309440613,0.4120997190475464
0.10412298142910004,0.018460867926478386,0.8774161338806152,0.2885054647922516,0.24942173063755035,0.4620727300643921
0.07660400122404099,0.019432468339800835,0.9039635062217712,0.2874022424221039,0.2797183692455292,0.43287938833236694
0.09751541912555695,0.019395986571907997,0.8830885291099548,0.295720636844635,0.26696574687957764,0.43731358647346497
0.0963226929306984,0.011834562756121159,0.891842782497406,0.2621595859527588,0.270547479391098,0.4672929644584656
0.0708305612206459,0.004775569308549166,0.9243938326835632,0.26630815863609314,0.2559523284435272,0.4777395725250244
0.05129699036478996,0.015148560516536236,0.9335544109344482,0.24762479960918427,0.24786673486232758,0.5045084357261658
0.08928453177213669,0.006107118912041187,0.9046082496643066,0.2768102288246155,0.271820992231369,0.4513688087463379
0.022263478487730026,0.01616155169904232,0.9615749716758728,0.26309770345687866,0.2727779746055603,0.46412432193756104
0.04172408580780029,0.0037587869446724653,0.9545171856880188,0.2764930725097656,0.28204965591430664,0.44145727157592773
0.039292026311159134,0.012460756115615368,0.9482473134994507,0.2861860692501068,0.2688797414302826,0.4449341595172882
0.04776988923549652,0.012566925957798958,0.9396631717681885,0.2394125759601593,0.24337582290172577,0.5172115564346313
0.15183614194393158,0.027746092528104782,0.8204178214073181,0.25116437673568726,0.25370657444000244,0.4951291084289551
0.15222759544849396,0.014730608090758324,0.8330417275428772,0.30883845686912537,0.2725572884082794,0.4186042547225952
0.08509762585163116,0.051450762897729874,0.8634515404701233,0.3514890670776367,0.2584135830402374,0.3900972604751587
0.1344243586063385,0.008068869821727276,0.8575067520141602,0.32635366916656494,0.30193835496902466,0.3717080056667328
0.03703819960355759,0.00338062085211277,0.959581196308136,0.2881689667701721,0.31101489067077637,0.4008161723613739
0.03505561873316765,0.006992760114371777,0.9579516053199768,0.2348949909210205,0.2420557141304016,0.5230492949485779
0.19794559478759766,0.014178996905684471,0.7878753542900085,0.3279968798160553,0.2566162347793579,0.415386825799942
0.02225651405751705,0.007509800139814615,0.9702337384223938,0.27120012044906616,0.2766166031360626,0.45218324661254883
0.1896490901708603,0.11892590671777725,0.6914249658584595,0.3724021315574646,0.26408877968788147,0.36350908875465393
0.13455495238304138,0.00668602529913187,0.8587590456008911,0.30170199275016785,0.29824167490005493,0.40005630254745483
0.09714652597904205,0.0029436147306114435,0.8999098539352417,0.274040162563324,0.2684692144393921,0.45749059319496155
0.3085722029209137,0.004151052795350552,0.6872767806053162,0.33130350708961487,0.31047195196151733,0.3582245111465454
0.1992449164390564,0.049638375639915466,0.7511167526245117,0.2958346903324127,0.2931385934352875,0.4110267162322998
0.1892685741186142,0.007631081156432629,0.8031002879142761,0.29875844717025757,0.2597322463989258,0.4415093958377838
0.071139857172966,0.013707173056900501,0.915152907371521,0.3023317754268646,0.308897465467453,0.3887707591056824
0.05672547593712807,0.00331150577403605,0.9399630427360535,0.29324692487716675,0.28453710675239563,0.4222159683704376
0.3642229437828064,0.01742188259959221,0.6183551549911499,0.292634516954422,0.2849498391151428,0.42241570353507996
0.07086924463510513,0.004683472216129303,0.924447238445282,0.2802165746688843,0.2770533859729767,0.44273003935813904
0.0678369551897049,0.008757108822464943,0.9234060049057007,0.24768076837062836,0.26862531900405884,0.4836938679218292
0.09937357157468796,0.002726948354393244,0.8978995084762573,0.29368603229522705,0.2590425908565521,0.4472713768482208
0.05130941420793533,0.008877954445779324,0.9398126602172852,0.2528713345527649,0.27029964327812195,0.47682908177375793
0.05658983439207077,0.004663926549255848,0.9387462139129639,0.24069473147392273,0.24210919439792633,0.5171960592269897
0.12911005318164825,0.02641344629228115,0.8444764614105225,0.26977917551994324,0.2584168314933777,0.47180405259132385
0.08745211362838745,0.012661884538829327,0.8998860120773315,0.3004723787307739,0.26982295513153076,0.4297046363353729
0.2585219144821167,0.02662980929017067,0.7148482203483582,0.375125527381897,0.3039343059062958,0.32094019651412964
0.04945114627480507,0.004398693330585957,0.9461501836776733,0.27050095796585083,0.24777907133102417,0.481719970703125
0.06655269116163254,0.0640343576669693,0.869412899017334,0.29608383774757385,0.30081987380981445,0.4030962288379669
0.08539268374443054,0.0036937249824404716,0.9109135270118713,0.2494843304157257,0.24409209191799164,0.5064235329627991
0.054425425827503204,0.006681809201836586,0.9388927817344666,0.264539510011673,0.26294583082199097,0.47251462936401367
0.09198213368654251,0.004089052323251963,0.9039288759231567,0.3135240972042084,0.3026193678379059,0.38385650515556335
0.03793637827038765,0.00889918114989996,0.9531644582748413,0.20996005833148956,0.23405945301055908,0.5559805035591125
0.05991083011031151,0.024635424837470055,0.9154536724090576,0.26694756746292114,0.2612735629081726,0.47177883982658386
0.08869669586420059,0.008031466975808144,0.9032717347145081,0.2852124869823456,0.2766399681568146,0.43814757466316223
0.11127697676420212,0.02302505448460579,0.865697979927063,0.30295321345329285,0.2624402940273285,0.43460652232170105
0.022362010553479195,0.003994631581008434,0.97364342212677,0.31108558177948,0.271068811416626,0.41784560680389404
0.021711578592658043,0.006522181909531355,0.9717661738395691,0.27279144525527954,0.26981085538864136,0.4573976993560791
0.057717226445674896,0.004613304045051336,0.9376693964004517,0.23711171746253967,0.2379235476255417,0.5249647498130798
0.0669141337275505,0.020794926211237907,0.9122909903526306,0.29222187399864197,0.2892407774925232,0.4185374081134796
0.11736752092838287,0.02348429709672928,0.8591481447219849,0.289282888174057,0.26850810647010803,0.4422089457511902
0.08439086377620697,0.029447315260767937,0.8861618041992188,0.2905196249485016,0.2598167955875397,0.44966357946395874
0.13021448254585266,0.012138474732637405,0.8576470613479614,0.31562137603759766,0.28646591305732727,0.39791274070739746
0.09712547808885574,0.01743277907371521,0.885441780090332,0.3124021589756012,0.28987857699394226,0.39771926403045654
0.1637791395187378,0.014171788468956947,0.822049081325531,0.29093095660209656,0.288737416267395,0.4203316867351532
0.08076251298189163,0.002152248052880168,0.9170852303504944,0.276480108499527,0.26320797204971313,0.4603119492530823
0.07485588639974594,0.00886094756424427,0.9162832498550415,0.2986474633216858,0.26218366622924805,0.4391688406467438
0.10776381194591522,0.021217362955212593,0.8710188269615173,0.2914428114891052,0.2741363048553467,0.4344208240509033
0.2019692361354828,0.02115270495414734,0.7768780589103699,0.2804669737815857,0.2576853036880493,0.4618477523326874
0.0747520849108696,0.022770285606384277,0.9024776220321655,0.24015524983406067,0.21818390488624573,0.5416608452796936
0.10305196791887283,0.004538854584097862,0.8924092054367065,0.2514668405056,0.2535938620567322,0.49493932723999023
0.055880945175886154,0.028043879196047783,0.9160752296447754,0.2359085977077484,0.274093359708786,0.48999807238578796
0.12874720990657806,0.07299170643091202,0.7982611060142517,0.28623220324516296,0.2682591676712036,0.4455086588859558
0.09109104424715042,0.005393526516854763,0.9035153388977051,0.2988964021205902,0.2932583689689636,0.40784531831741333
0.14407722651958466,0.005079103168100119,0.8508436679840088,0.31090331077575684,0.2790727913379669,0.41002386808395386
0.11784234642982483,0.039747849106788635,0.8424097895622253,0.2700168192386627,0.2815280854701996,0.4484550356864929
0.13920028507709503,0.004339035600423813,0.8564606308937073,0.30443957448005676,0.30386412143707275,0.3916963040828705
0.056261416524648666,0.17574726045131683,0.767991304397583,0.33777090907096863,0.31022095680236816,0.3520081341266632
0.05086683854460716,0.08415237814188004,0.8649808168411255,0.30606359243392944,0.31309229135513306,0.3808441758155823
0.215606689453125,0.07085694372653961,0.713536262512207,0.3346816301345825,0.3047310709953308,0.36058729887008667
0.19749365746974945,0.0383794791996479,0.7641268372535706,0.2878504693508148,0.29256194829940796,0.41958752274513245
0.22677084803581238,0.05606316775083542,0.7171659469604492,0.32333260774612427,0.3390151560306549,0.3376522362232208
0.2528929114341736,0.021386317908763885,0.7257207632064819,0.3709926903247833,0.2665644586086273,0.36244291067123413
0.12797820568084717,0.009325191378593445,0.8626967072486877,0.28518202900886536,0.2783718705177307,0.43644607067108154
0.017036480829119682,0.003870653221383691,0.9790928363800049,0.26211458444595337,0.24962346255779266,0.48826196789741516
0.10388721525669098,0.008036387152969837,0.8880764245986938,0.2997256815433502,0.28373992443084717,0.4165344536304474
0.14154069125652313,0.01891379989683628,0.8395454287528992,0.30646994709968567,0.23352031409740448,0.46000969409942627
0.04452594369649887,0.012488795444369316,0.9429852366447449,0.20936989784240723,0.23928312957286835,0.5513469576835632
0.09104271978139877,0.003714002203196287,0.9052433967590332,0.29007506370544434,0.25094711780548096,0.4589778482913971
0.11215522885322571,0.011899255216121674,0.8759454488754272,0.26296475529670715,0.26756271719932556,0.4694725573062897
0.06344909220933914,0.0032624041195958853,0.9332885146141052,0.28456103801727295,0.2832268178462982,0.43221211433410645
0.10147944837808609,0.009370177984237671,0.8891504406929016,0.28214895725250244,0.2697218358516693,0.44812923669815063
0.14854992926120758,0.007800156716257334,0.8436498641967773,0.2833520174026489,0.28637728095054626,0.4302707314491272
0.22499579191207886,0.03655064478516579,0.7384535670280457,0.2903577387332916,0.2701975405216217,0.43944472074508667
0.10189289599657059,0.030395569279789925,0.86771160364151,0.2890562415122986,0.2794882655143738,0.4314555525779724
0.33275386691093445,0.028346752747893333,0.6388993263244629,0.2907198965549469,0.30250847339630127,0.40677163004875183
0.30557674169540405,0.028284618631005287,0.6661386489868164,0.3212360441684723,0.2830575704574585,0.39570629596710205
0.07984185218811035,0.0059702335856854916,0.9141878485679626,0.31247931718826294,0.29390573501586914,0.3936150074005127
0.13918519020080566,0.006535256281495094,0.8542795181274414,0.2995888888835907,0.2825392484664917,0.4178718626499176
0.008507655933499336,0.025275452062487602,0.9662168622016907,0.19877152144908905,0.23179250955581665,0.5694359540939331
0.03813382610678673,0.022960547357797623,0.9389055967330933,0.322677344083786,0.32886120676994324,0.34846144914627075
0.035551149398088455,0.010699177160859108,0.9537495970726013,0.27321910858154297,0.284228652715683,0.44255223870277405
0.30812737345695496,0.02377183549106121,0.6681007742881775,0.30979177355766296,0.27640512585639954,0.4138030409812927
0.10964223742485046,0.008795792236924171,0.8815619945526123,0.298424631357193,0.2704859972000122,0.43108928203582764
0.2548058032989502,0.028476964682340622,0.7167172431945801,0.316525936126709,0.30473461747169495,0.37873947620391846
0.2184811532497406,0.030033841729164124,0.7514850497245789,0.29131555557250977,0.2946415841579437,0.4140428602695465
0.03506110981106758,0.013596698641777039,0.9513421654701233,0.24941831827163696,0.22654421627521515,0.5240374803543091
0.09360597282648087,0.034931059926748276,0.8714629411697388,0.2993288040161133,0.2927341163158417,0.40793704986572266
0.05561790615320206,0.017582319676876068,0.9267998337745667,0.31195807456970215,0.2960417866706848,0.3920001983642578
0.04203827679157257,0.0016419831663370132,0.9563196897506714,0.29893139004707336,0.27271226048469543,0.4283563196659088
0.0391756072640419,0.0027228319086134434,0.9581015110015869,0.2914239764213562,0.26806914806365967,0.4405069053173065
0.1029471755027771,0.016797460615634918,0.880255401134491,0.26085352897644043,0.25630825757980347,0.4828382134437561
0.3282608687877655,0.3195236027240753,0.3522154986858368,0.266899436712265,0.42780768871307373,0.30529284477233887
0.06545934081077576,0.004945219494402409,0.9295954704284668,0.29140177369117737,0.26850104331970215,0.4400971531867981
0.08189369738101959,0.0030403267592191696,0.9150660634040833,0.2858319580554962,0.26192817091941833,0.4522399604320526
0.28080153465270996,0.025902701541781425,0.6932957172393799,0.3322809934616089,0.27705562114715576,0.39066335558891296
0.039105698466300964,0.002749675652012229,0.9581445455551147,0.29372450709342957,0.26242661476135254,0.4438488781452179
0.0635383129119873,0.004367333836853504,0.932094395160675,0.27699488401412964,0.27855464816093445,0.44445037841796875
0.10333896428346634,0.006994635332375765,0.8896663784980774,0.2963082194328308,0.2791980803012848,0.4244937598705292
0.15963949263095856,0.022487446665763855,0.8178731203079224,0.3713315427303314,0.2706458270549774,0.35802266001701355
0.09105375409126282,0.0035931458696722984,0.9053531289100647,0.29348957538604736,0.2635846436023712,0.44292575120925903
0.05469497665762901,0.002884607994928956,0.942420482635498,0.29873523116111755,0.27451997995376587,0.4267447590827942
0.01288172323256731,0.03977549076080322,0.9473428130149841,0.24880048632621765,0.23988325893878937,0.5113162398338318
0.1193292960524559,0.004091206006705761,0.8765794634819031,0.25014710426330566,0.25152501463890076,0.4983278512954712
0.061729151755571365,0.004427108447998762,0.933843731880188,0.2686449885368347,0.27582263946533203,0.455532431602478
0.11591888219118118,0.01065651886165142,0.8734246492385864,0.35236746072769165,0.30119359493255615,0.346439003944397
0.11366955190896988,0.01572909764945507,0.8706013560295105,0.2599812150001526,0.2716609537601471,0.46835777163505554
0.25767651200294495,0.025625793263316154,0.7166976928710938,0.31179577112197876,0.2753940224647522,0.41281023621559143
0.1475287824869156,0.01645958609879017,0.8360115885734558,0.287260502576828,0.2740640640258789,0.4386754333972931
0.1035897508263588,0.005455316975712776,0.8909549117088318,0.29713866114616394,0.25505751371383667,0.4478038251399994
0.047027330845594406,0.0072209034115076065,0.9457517266273499,0.25804227590560913,0.2683870494365692,0.47357070446014404
0.19885091483592987,0.03533140569925308,0.7658176422119141,0.34512031078338623,0.2975849509239197,0.3572947382926941
0.10720577836036682,0.026021357625722885,0.8667728900909424,0.31904375553131104,0.26378315687179565,0.4171731472015381
0.14445219933986664,0.005815613549202681,0.8497321605682373,0.2904224991798401,0.2687855064868927,0.4407919645309448
0.20531001687049866,0.016065428033471107,0.7786245346069336,0.2889382243156433,0.26190367341041565,0.44915810227394104
0.07023359835147858,0.005974326282739639,0.9237920045852661,0.31766778230667114,0.28461652994155884,0.3977157473564148
0.11231980472803116,0.006370775867253542,0.881309449672699,0.275875985622406,0.23552322387695312,0.48860079050064087
0.1966618150472641,0.01980779320001602,0.7835304141044617,0.28373458981513977,0.26274818181991577,0.4535173177719116
0.024667199701070786,0.013769645243883133,0.9615631699562073,0.2884739935398102,0.27020347118377686,0.4413224756717682
0.06511414796113968,0.0038497834466397762,0.9310361742973328,0.3030368983745575,0.27961406111717224,0.41734907031059265
0.2368629276752472,0.05513131245970726,0.7080057859420776,0.368897944688797,0.27832284569740295,0.35277917981147766
0.08146193623542786,0.011845087632536888,0.9066929221153259,0.3062649965286255,0.28371164202690125,0.4100233316421509
0.23139168322086334,0.03450263291597366,0.73410564661026,0.34531375765800476,0.32122015953063965,0.333466112613678
0.10166323184967041,0.00931409653276205,0.8890226483345032,0.30737560987472534,0.24844224750995636,0.4441820979118347
0.10889918357133865,0.01551321242004633,0.8755875825881958,0.2814725637435913,0.28257423639297485,0.4359532594680786
0.08198214322328568,0.021872108802199364,0.8961456418037415,0.28557464480400085,0.24628593027591705,0.4681394100189209
0.08878305554389954,0.003970031160861254,0.9072468876838684,0.261770635843277,0.2550520598888397,0.4831773340702057
0.05791664123535156,0.0009443992748856544,0.9411388635635376,0.2773078978061676,0.2681042551994324,0.45458781719207764
0.16951952874660492,0.011815283447504044,0.8186651468276978,0.3223835527896881,0.2758760452270508,0.4017404019832611
0.1400948315858841,0.006733960006386042,0.8531712293624878,0.33301907777786255,0.2495872676372528,0.41739368438720703
0.13377998769283295,0.0069699413143098354,0.859250009059906,0.27939823269844055,0.348715603351593,0.37188616394996643
0.17857924103736877,0.019127855077385902,0.8022929430007935,0.2757481336593628,0.2787942588329315,0.4454576075077057
0.2109362632036209,0.03352195397019386,0.7555416822433472,0.2956100404262543,0.2826762795448303,0.4217137396335602
0.05918210372328758,0.03672010079026222,0.9040977954864502,0.2832636535167694,0.29083186388015747,0.42590445280075073
0.07784987986087799,0.009074700064957142,0.9130753874778748,0.247780442237854,0.2200579047203064,0.5321616530418396
0.01046848576515913,0.020119503140449524,0.9694119691848755,0.21876707673072815,0.21545429527759552,0.5657786130905151
0.25387057662010193,0.1155654713511467,0.6305639743804932,0.3274690806865692,0.32812929153442383,0.34440165758132935
0.3188829720020294,0.015208513475954533,0.6659085154533386,0.296585351228714,0.27722519636154175,0.4261894226074219
0.19579914212226868,0.018372930586338043,0.7858278751373291,0.33799558877944946,0.28281986713409424,0.3791845440864563
0.028689198195934296,0.012868246994912624,0.9584426283836365,0.3115760385990143,0.24482767283916473,0.44359633326530457
0.051580313593149185,0.004423101432621479,0.9439965486526489,0.249029740691185,0.2607043385505676,0.49026599526405334
0.040947891771793365,0.019314102828502655,0.9397380352020264,0.2528131306171417,0.23210769891738892,0.515079140663147
0.04850684478878975,0.002097175922244787,0.949396014213562,0.29740241169929504,0.28625357151031494,0.4163439869880676
0.12512002885341644,0.005101662594825029,0.8697782754898071,0.2590145468711853,0.276528537273407,0.46445685625076294
0.09031549096107483,0.01342419907450676,0.8962602615356445,0.29321447014808655,0.276932954788208,0.42985251545906067
0.17117831110954285,0.02640531025826931,0.8024163246154785,0.28617167472839355,0.27746865153312683,0.4363596737384796
0.06361966580152512,0.010468359105288982,0.9259119033813477,0.2788674831390381,0.2789781391620636,0.44215428829193115
0.11411016434431076,0.02188490517437458,0.864004909992218,0.3396061360836029,0.17748050391674042,0.48291337490081787
0.0631059780716896,0.00228520599193871,0.9346087574958801,0.2874859571456909,0.2742038369178772,0.4383102059364319
0.05242864415049553,0.010390820913016796,0.9371805191040039,0.29313743114471436,0.28926289081573486,0.41759973764419556
0.07600009441375732,0.16388538479804993,0.7601144909858704,0.26859888434410095,0.2708873748779297,0.46051374077796936
0.1016298234462738,0.017147580161690712,0.8812226057052612,0.2853594422340393,0.24638968706130981,0.4682508409023285
0.03562816604971886,0.006921182852238417,0.9574506282806396,0.3463030457496643,0.3246840238571167,0.329012930393219
0.11411388963460922,0.003950790502130985,0.8819354176521301,0.25836247205734253,0.24622291326522827,0.4954146146774292
0.10842105001211166,0.006107743829488754,0.8854712247848511,0.29967930912971497,0.29175621271133423,0.40856438875198364
0.1531689614057541,0.10893173515796661,0.7378993034362793,0.3289320170879364,0.3308649957180023,0.3402029871940613
0.07140129804611206,0.0017477953806519508,0.9268508553504944,0.30797359347343445,0.2998494803905487,0.39217695593833923
0.10788950324058533,0.004936393350362778,0.8871740698814392,0.32076799869537354,0.2936086356639862,0.38562336564064026
0.0630556121468544,0.0017126810271292925,0.9352317452430725,0.27432548999786377,0.25754767656326294,0.4681267738342285
0.2885461747646332,0.017575662583112717,0.6938782334327698,0.287721186876297,0.28514257073402405,0.42713624238967896
0.06350073963403702,0.018502341583371162,0.9179970026016235,0.26988300681114197,0.2564575672149658,0.4736594259738922
0.1854684203863144,0.025439739227294922,0.7890918254852295,0.3299836814403534,0.29700756072998047,0.37300872802734375
0.028035195544362068,0.0018581724725663662,0.9701066017150879,0.2676554322242737,0.2694256007671356,0.4629189372062683
0.04584459215402603,0.01139074470847845,0.9427646994590759,0.26311999559402466,0.2615349292755127,0.47534504532814026
0.03871016576886177,0.002241952810436487,0.9590479135513306,0.26000580191612244,0.24631881713867188,0.4936753809452057
0.12612594664096832,0.0140613978728652,0.8598127365112305,0.27051210403442383,0.24239666759967804,0.4870912730693817
0.06926523894071579,0.03904445841908455,0.8916903138160706,0.2862915098667145,0.2826928496360779,0.43101567029953003
0.09188856184482574,0.011801284737884998,0.8963101506233215,0.28416895866394043,0.2934400737285614,0.4223909378051758
0.06528391689062119,0.005345762707293034,0.9293704032897949,0.29948410391807556,0.2712889313697815,0.42922690510749817
0.11723851412534714,0.014149912633001804,0.8686115145683289,0.2713526785373688,0.23566895723342896,0.4929783344268799
0.06649112701416016,0.017082588747143745,0.9164263010025024,0.26811739802360535,0.2472728192806244,0.4846097230911255
0.07273068279027939,0.012990640476346016,0.9142786264419556,0.2771782875061035,0.2593855857849121,0.4634361267089844
0.054283078759908676,0.0032879277132451534,0.9424290657043457,0.25892987847328186,0.2571187913417816,0.4839513897895813
0.07914391160011292,0.017476040869951248,0.9033800363540649,0.29816165566444397,0.24319656193256378,0.45864173769950867
0.18351683020591736,0.048924822360277176,0.7675583958625793,0.3724493980407715,0.269085168838501,0.35846540331840515
0.16755011677742004,0.007336519658565521,0.8251133561134338,0.2794650197029114,0.2525709271430969,0.4679640233516693
0.0548999160528183,0.0244391318410635,0.9206609725952148,0.2695881128311157,0.2660248279571533,0.46438711881637573
0.09288736432790756,0.03810694441199303,0.8690056204795837,0.3340294063091278,0.22464030981063843,0.4413302540779114
0.06804000586271286,0.017585389316082,0.914374589920044,0.30396419763565063,0.30545201897621155,0.39058372378349304
0.04666430503129959,0.006282264366745949,0.9470534324645996,0.2770167291164398,0.27086400985717773,0.45211926102638245
0.11645723134279251,0.015861133113503456,0.867681622505188,0.2697237730026245,0.2451968938112259,0.4850793480873108
0.06805973500013351,0.010745634324848652,0.9211946725845337,0.32999852299690247,0.2820216119289398,0.3879798650741577
0.23861493170261383,0.08436716347932816,0.6770179867744446,0.2974642515182495,0.31071406602859497,0.39182162284851074
0.2801792025566101,0.01476220227777958,0.7050585746765137,0.32119014859199524,0.32406511902809143,0.3547447621822357
0.04734574258327484,0.0157469529658556,0.9369072914123535,0.27274319529533386,0.2558981478214264,0.47135865688323975
0.11547688394784927,0.03572506830096245,0.8487980961799622,0.31322434544563293,0.24539536237716675,0.44138023257255554
0.03246338292956352,0.02020624466240406,0.9473304152488708,0.211080864071846,0.24464893341064453,0.5442702174186707
0.03767423331737518,0.16930343210697174,0.7930223345756531,0.2652461528778076,0.33766433596611023,0.39708951115608215
0.02358858287334442,0.0387583002448082,0.9376530647277832,0.24097689986228943,0.22373947501182556,0.535283625125885
0.02503802627325058,0.14012904465198517,0.8348329663276672,0.2329239547252655,0.23624564707279205,0.5308303236961365
0.011308973655104637,0.0734831690788269,0.9152078032493591,0.2360452115535736,0.26740896701812744,0.49654579162597656
0.012973485514521599,0.023572377860546112,0.9634541273117065,0.2836895287036896,0.27328819036483765,0.44302231073379517
0.021099567413330078,0.035909101366996765,0.9429913759231567,0.25861188769340515,0.24520772695541382,0.4961804449558258
0.004242210648953915,0.02251707762479782,0.9732407331466675,0.22769670188426971,0.21012280881404877,0.5621805191040039
0.008143063634634018,0.08847008645534515,0.9033868312835693,0.24000179767608643,0.24611352384090424,0.5138847231864929
0.01844193786382675,0.06655805557966232,0.9150000810623169,0.29993438720703125,0.3204498589038849,0.3796156942844391
0.07515265792608261,0.5885294675827026,0.33631783723831177,0.26238372921943665,0.41719478368759155,0.3204214870929718
0.02999713085591793,0.2325146496295929,0.7374882698059082,0.31996554136276245,0.3094027638435364,0.3706316649913788
0.02417648956179619,0.043458499014377594,0.9323650002479553,0.23167888820171356,0.2296515554189682,0.5386695265769958
0.02013976126909256,0.04116300120949745,0.9386971592903137,0.27843907475471497,0.27292025089263916,0.4486406743526459
0.057224340736866,0.048946578055620193,0.8938290476799011,0.27894163131713867,0.27274617552757263,0.4483121931552887
0.0053370180539786816,0.03548813611268997,0.9591748118400574,0.17286638915538788,0.17426471412181854,0.652868926525116
0.03721453621983528,0.07079339772462845,0.8919920325279236,0.3197828233242035,0.31648191809654236,0.36373525857925415
0.010975541546940804,0.02768697962164879,0.9613375067710876,0.2648334801197052,0.2570617198944092,0.4781048595905304
0.0426933653652668,0.09978746622800827,0.8575192093849182,0.3058869242668152,0.30454564094543457,0.38956737518310547
0.009965109638869762,0.17646339535713196,0.8135713934898376,0.23510871827602386,0.2517426609992981,0.5131486058235168
0.060490936040878296,0.13840597867965698,0.8011030554771423,0.2800372242927551,0.29498499631881714,0.42497774958610535
0.045688945800065994,0.278311550617218,0.6759994626045227,0.27027952671051025,0.3339136242866516,0.3958068788051605
0.024913962930440903,0.089085653424263,0.8860004544258118,0.25504934787750244,0.24277634918689728,0.5021743178367615
0.03237248584628105,0.03304322808980942,0.9345842599868774,0.2867946922779083,0.27204185724258423,0.44116342067718506
0.0297011099755764,0.06419570744037628,0.9061031937599182,0.21747922897338867,0.21993538737297058,0.5625853538513184
0.011762571521103382,0.07010237872600555,0.9181349873542786,0.25073108077049255,0.2698502540588379,0.47941866517066956
0.006376176606863737,0.08534354716539383,0.9082803130149841,0.24903154373168945,0.294269323348999,0.4566991627216339
0.006891453173011541,0.0453401617705822,0.9477683901786804,0.30335599184036255,0.304766446352005,0.39187756180763245
0.019979750737547874,0.0605287104845047,0.9194915890693665,0.23954474925994873,0.2837727665901184,0.4766824543476105
0.03759167343378067,0.19020842015743256,0.7721999287605286,0.28510749340057373,0.3113759756088257,0.4035165011882782
0.045501552522182465,0.17201478779315948,0.7824836373329163,0.29437941312789917,0.288122296333313,0.41749829053878784
0.028903260827064514,0.018149126321077347,0.9529476165771484,0.27631330490112305,0.2469007819890976,0.47678592801094055
0.022330285981297493,0.04013985022902489,0.9375298023223877,0.32015764713287354,0.3217640221118927,0.35807839035987854
0.02616034634411335,0.12759612500667572,0.8462436199188232,0.24872900545597076,0.27330878376960754,0.4779622256755829
0.006518437061458826,0.0391962006688118,0.9542853236198425,0.18226103484630585,0.21271440386772156,0.6050245761871338
0.030110517516732216,0.07694623619318008,0.892943263053894,0.2968253195285797,0.3088756203651428,0.39429911971092224
0.009867391549050808,0.09142819046974182,0.898704469203949,0.25421255826950073,0.259860098361969,0.4859272539615631
0.00797941628843546,0.08756427466869354,0.9044563174247742,0.221053808927536,0.24957114458084106,0.5293750166893005
0.015572655014693737,0.10805606096982956,0.8763713240623474,0.2511078119277954,0.27457866072654724,0.47431355714797974
0.01952339895069599,0.19756484031677246,0.7829117178916931,0.2868266999721527,0.29355692863464355,0.41961637139320374
0.012092539109289646,0.08636055141687393,0.9015468955039978,0.24716469645500183,0.2857988178730011,0.46703651547431946
0.006770011503249407,0.06760285794734955,0.9256271719932556,0.23319034278392792,0.24271650612354279,0.5240931510925293
0.02626923657953739,0.06915954500436783,0.9045711755752563,0.23383279144763947,0.23417556285858154,0.5319916605949402
0.005837678909301758,0.03140447661280632,0.96275794506073,0.26705411076545715,0.20960038900375366,0.5233454704284668
0.1577385514974594,0.15924763679504395,0.6830138564109802,0.33992528915405273,0.3129580318927765,0.3471166789531708
0.02052195742726326,0.19267356395721436,0.7868044972419739,0.26376089453697205,0.29295629262924194,0.4432828426361084
0.019103217869997025,0.09398342669010162,0.8869134187698364,0.27825188636779785,0.2751444876194,0.44660359621047974
0.01942160539329052,0.09804883599281311,0.882529616355896,0.28912124037742615,0.29713597893714905,0.4137428104877472
0.01881292462348938,0.07826349139213562,0.902923583984375,0.25823163986206055,0.25684836506843567,0.48492002487182617
0.005071581341326237,0.026566697284579277,0.9683617353439331,0.27513736486434937,0.2988775968551636,0.42598503828048706
0.04606090486049652,0.015587486326694489,0.938351571559906,0.2528786361217499,0.21190792322158813,0.5352133512496948
0.010331179015338421,0.0678236335515976,0.9218451380729675,0.2687329649925232,0.3010401427745819,0.4302268624305725
0.009836423210799694,0.01674049161374569,0.9734230041503906,0.23787234723567963,0.22620490193367004,0.5359227657318115
0.015720803290605545,0.07504554837942123,0.9092336893081665,0.2796601355075836,0.3293592929840088,0.39098063111305237
0.012265803292393684,0.10658304393291473,0.8811511397361755,0.2817988097667694,0.26634618639945984,0.45185503363609314
0.02052074298262596,0.05335686355829239,0.9261224865913391,0.2966986298561096,0.3288567364215851,0.3744446337223053
0.012998566031455994,0.14008934795856476,0.8469120264053345,0.2936486303806305,0.317045122385025,0.38930627703666687
0.005147141870111227,0.051557719707489014,0.9432950615882874,0.2633955180644989,0.2711601257324219,0.465444415807724
0.013237574137747288,0.08465024083852768,0.9021122455596924,0.2455821931362152,0.24189287424087524,0.5125249624252319
0.038248464465141296,0.08951849490404129,0.872232973575592,0.28279486298561096,0.26314371824264526,0.45406144857406616
0.006401483900845051,0.1551695168018341,0.8384290337562561,0.27963390946388245,0.27963390946388245,0.44073212146759033
0.030890850350260735,0.0503370426595211,0.9187721014022827,0.3286662995815277,0.3335976302623749,0.3377360701560974
0.0127953439950943,0.04988284036517143,0.9373217821121216,0.25651639699935913,0.2796722650527954,0.46381130814552307
0.02098519541323185,0.0619656965136528,0.9170490503311157,0.28943201899528503,0.29550105333328247,0.4150669574737549
0.012323916889727116,0.03507330268621445,0.9526028037071228,0.26874619722366333,0.2849635183811188,0.4462902545928955
0.007275162264704704,0.07815810292959213,0.9145668148994446,0.1880028247833252,0.19886165857315063,0.6131355166435242
0.005110898055136204,0.05640508234500885,0.9384839534759521,0.274591863155365,0.27664420008659363,0.4487638473510742
0.007065890356898308,0.04738735035061836,0.9455468654632568,0.3182746469974518,0.30503731966018677,0.37668806314468384
0.005369500257074833,0.0933813825249672,0.9012491703033447,0.1843680590391159,0.21288089454174042,0.6027510762214661
0.043056849390268326,0.11627167463302612,0.8406715393066406,0.280900776386261,0.32390737533569336,0.3951917886734009
0.025160983204841614,0.18673473596572876,0.7881042957305908,0.26921549439430237,0.29080721735954285,0.4399772584438324
0.03371122479438782,0.16063106060028076,0.8056578040122986,0.2786056399345398,0.2743867337703705,0.4470076560974121
0.014657469466328621,0.04054969176650047,0.9447928667068481,0.28846070170402527,0.2945093810558319,0.41702988743782043
0.004623706918209791,0.06654129922389984,0.9288349747657776,0.23130474984645844,0.26753324270248413,0.5011619925498962
0.014198868535459042,0.09438557922840118,0.891415536403656,0.26599249243736267,0.31595101952552795,0.4180564880371094
0.033722445368766785,0.19875825941562653,0.7675192952156067,0.28788381814956665,0.27685514092445374,0.4352611005306244
0.01657828502357006,0.039459750056266785,0.9439619183540344,0.25035589933395386,0.2783392071723938,0.47130489349365234
0.008842467330396175,0.05051972344517708,0.9406378269195557,0.29531893134117126,0.26433467864990234,0.4403463304042816
0.01198802050203085,0.04309680312871933,0.944915235042572,0.2701301872730255,0.29762306809425354,0.4322468340396881
0.0385996475815773,0.09565173089504242,0.8657487034797668,0.26183751225471497,0.27001723647117615,0.46814531087875366
0.03523630276322365,0.03400244191288948,0.9307611584663391,0.2794366478919983,0.2712363004684448,0.44932711124420166
0.056320518255233765,0.75650954246521,0.18716996908187866,0.3144248425960541,0.35477104783058167,0.33080410957336426
0.07269666343927383,0.029375692829489708,0.8979276418685913,0.25932756066322327,0.2613614797592163,0.4793110191822052
0.12064152956008911,0.07813963294029236,0.8012188076972961,0.307403564453125,0.3212137222290039,0.3713826835155487
0.07603126019239426,0.08594461530447006,0.8380241394042969,0.2692081928253174,0.20402927696704865,0.5267624855041504
0.013675515539944172,0.10224027931690216,0.884084165096283,0.3150731027126312,0.2520197629928589,0.4329071044921875
0.023267611861228943,0.0652875006198883,0.9114447832107544,0.24973782896995544,0.2661692202091217,0.48409292101860046
0.06205888092517853,0.03198419511318207,0.9059569835662842,0.28625908493995667,0.27288371324539185,0.4408572018146515
0.007929181680083275,0.03347287327051163,0.9585978984832764,0.27444061636924744,0.2962343394756317,0.4293249547481537
0.0728280171751976,0.11538863182067871,0.8117833733558655,0.2713349163532257,0.27614662051200867,0.45251840353012085
0.022115880623459816,0.10134319216012955,0.8765408992767334,0.2548983693122864,0.295002281665802,0.4500994086265564
0.032045770436525345,0.21397235989570618,0.75398188829422,0.2786273956298828,0.2812071740627289,0.4401654601097107
0.018754063174128532,0.060701657086610794,0.9205442667007446,0.2854654788970947,0.3007029891014099,0.41383156180381775
0.011373705230653286,0.08067845553159714,0.907947838306427,0.27937838435173035,0.29565924406051636,0.4249624013900757
0.035977475345134735,0.3238105773925781,0.6402119994163513,0.2906258702278137,0.29937583208084106,0.4099982678890228
0.007197464816272259,0.051960013806819916,0.9408425092697144,0.23691733181476593,0.2384842038154602,0.5245984792709351
0.010708753950893879,0.04211677610874176,0.9471744894981384,0.28949275612831116,0.27915114164352417,0.4313561022281647
